塩, Salt, 5, 08,,
生しょうが, Fresh ginger, 100, 08,,
アムステルダム旅行, Trip to Amsterdam, 50, 08,,
イタリア旅行, Trip to Italy, 50, 08,,
車購入資金100万円, 1 million yen to buy a car, 50, 08,,
「ボルボV40エステート」, _Volvo V40 Estate_, 50, 08,,
スクーター, Scooter, 50, 08,,
ボディボード, Bodyboard, 200, 08,,
クーラーボックス, Cooler box, 50, 08,,
ジャニーズJr 滝沢君使用済リング, Johnnys Jr. Takizawas used ring, 1, 08,,
広末涼子クリアファイル, Hirosue Ryoko clear file, 10, 08,,
広末涼子テレカ&ポスター, Hirosue Ryoko telephone card & poster, 1, 08,,
車のシート, Car seat, 1, 08,,
カーレース観戦チケット, Tickets to watch car races, 1, 08,,
フルーツジュースー, Fruit juice, 61, 08,,
キーボード, Keyboard, 50, 08,,
東京ディズニーランドパスポート, Tokyo Disneyland passport, 50, 08,,
包丁, Kitchen knife, 15, 08,,
ゲームソフト 「グラディウス外伝」他, Game software _Gradius Gaiden_ and other, 20, 08,,
枝豆, Edamame beans, 10, 08,,
ディズニー3Dアートボックス, Disney 3D art box, 5, 08,,
ドラえもんランチボックス, Doraemon lunch box, 5, 08,,
収納棚, Storage shelf, 5, 08,,
スナック菓子, Snacks, 420, 08,,
ラーメン, Ramen, 130, 08,,
スパゲティ, Spaghetti, 50, 08,,
あんみつ, Anmitsu, 55, 08, 10, 3000
炊飯器, Rice cooker, 1, 08,,
わかめご飯の素, Wakame rice seasoning, 10, 08,,
ケーキ, Cake, 10, 08,,
スポーツ飲料, Sports drink, 10, 08,,
栄養食品, Nutritional foods, 10, 08,,
トパーズの指輪, Topaz ring, 1, 08,,
育毛ブラシ, Hair growth brush, 10, 08,,
クイズ賞金1万円, Quiz prize money 10_000 yen, 5, 08,,
カウボーイハット, Cowboy hat, 1, 08,,
メロン, Melon, 50, 08,,
ジグゾーパズル, Jigsaw puzzle, 10, 08,,
室内用プラネタリウム, Indoor planetarium, 15, 08,,
野菜詰め合わせ, Vegetable assortment, 50, 08,,
広末涼子サイン入りTシャツ, Hirosue Ryoko autographed T-shirt, 1, 08,,
広末涼子サイン入り等身大ポスター, Hirosue Ryoko autographed life-size poster, 9, 08,,
ポテトスナック, Potato snacks, 250, 09, 10, 3000
ドライブルーベリー, Dried blueberries, 5, 09,,
プラモデル「ガンダム」, Plastic model _Gundam_, 1, 09,,
ラジカセ, Radio cassette player, 51, 09,,
タイヤ (4本), Tires (4 pieces), 1, 09, 12, 84000
ビデオ 「CM美少女15秒のシンデレラ」, Video _CM Bishoujo 15 Seconds of Cinderella_, 1, 09,,
モーニング娘。ステッカ, Morning Musume. Stickers, 1, 09,,
指輪, Rings, 1, 09,,
キャンディ, Candy, 5, 09,,
チョコスナック, Chocolate snacks, 50, 09,,
フライパン, Frying pan, 50, 09,,
ピングーのホットケーキパン, Pingus hotcake pan, 50, 09,,
万年筆一, Fountain pen, 15, 09,,
ディズニー3Dアートボックス, Disney 3D art box, 1, 09,,
K-1ジッポライタ, K-1 Zippo lighter, 1, 09,,
腕時計, Watch, 100, 09,,
馬刺し(300g), Horse meat sashimi (300g), 50, 09,,
和菓子, Japanese sweets, 50, 09,,
米(3kg), Rice (3kg), 50, 09,,
ビーフジャーキー, Beef jerky, 20, 09,,
ハチミツ, Honey, 5, 09,,
女性用水着, Womens swimsuit, 1, 09,,
商品券10万円, 100_000 yen gift certificate, 50, 09,,
パソコン, Computer, 200, 09,,
カーオーディオ, Car audio, 1, 09,,
宇宙ツアー参加費1_000万円分, Space tour participation fee 10 million yen, 50, 09,,
セガサターンゲームソフト10枚組, 10-disc set of Sega Saturn games, 1, 09,,
体脂肪計, Body fat meter, 25, 09,,
カリブ海旅行, Caribbean trip, 50, 09,,
アメリカメジャーリーグ観戦ツアー, American Major League Baseball Watching tour, 50, 09,,
アメリカスーパーボール観戦ツアー, American Super Bowl Watching tour, 50, 09,,
自転車, Bicycle, 1, 09,,
キティちゃんのクッション, Hello Kitty cushion, 1, 09,,
ぶどう, Grapes, 50, 09,,
ホテル宿泊券, Hotel accommodation voucher, 190, 09,,
日産「ラシーン・フォルザ」他, Nissan _Rasheen Forza_ and others, 55, 09,,
トレーニングマシーン, Training machine, 15, 09,,
クイズ賞金1_000万円, Quiz prize money 10 million yen, 15, 09,,
パソコン, Computer, 95, 09,,
フォード「フェステバ・ミニワゴン」, Ford _Festeva Mini Wagon_, 15, 09,,
旅行券10万円, 100_000 yen travel voucher, 15, 09,,
MDコンポ, MD component, 15, 09,,
沖繩旅行, Okinawa trip, 15, 09,,
アメリカ・ディズニーワールド旅行, American Disney World trip, 15, 09,,
オーストラリア旅行, Australia trip, 15, 09,,
ハワイ旅行, Hawaii trip, 115, 09,,
エーゲ海旅行, Aegean trip, 100, 09,,
バスケットボール, Basketball, 1, 09,,
顕微鏡 OR 双眼鏡, Microscope OR Binoculars, 1, 09,,
ボディソープ, Body soap, 1, 09,,
ごま豆腐, Sesame tofu, 20, 09,,
フライパン, Frying pan, 10, 09,,
アルコール飲料, Alcoholic drinks, 15, 09,,
調味料セット, Seasoning set, 20, 09,,
自動水やり機, Automatic watering machine, 10, 09,,
野球グローブ, Baseball glove, 1, 09,,
ダイエット食品, Diet food, 1, 09,,
パリ旅行, Trip to Paris, 15, 09,,
ルパン3世グッズ, Lupin III goods, 30, 09,,
高級ライター, Luxury lighter, 55, 09,,
バルセロナ旅行, Trip to Barcelona, 15, 09,,
ロンドン旅行, Trip to London, 15, 09,,
香港旅行, Trip to Hong Kong, 15, 09,,
アカプルコ旅行, Trip to Acapulco, 15, 09,,
ふりかけ, Furikake, 5, 09,,
ゲーム「あつめてゴジラ」& カップうどん, Game _Godzilla Collection_ & Cup udon, 20, 09,,
青木裕子テレカ, Yuko Aoki telephone card, 1, 09,,
ポテトスナック, Potato snacks, 1, 09,,
腕時計, Watch, 110, 09,,
自転車, Bicycle, 10, 09,,
カメラ, Camera, 10, 09,,
テレビ, Television, 30, 09,,
テント, Tent, 10, 09, 11, 78000
リュックサック, Backpack, 10, 09,,
ラジカセー, Radio cassette player, 40, 09,,
電気シェーバー, Electric shaver, 10, 09,,
サングラス, Sunglasses, 11, 09,,
ゼリー, Jelly, 15, 09,,
カレー粉, Curry powder, 10, 09,,
とうもろこし, Corn, 10, 09,,
味付ごま, Flavored sesame, 10, 09,,
布団, Futon, 10, 09,,
MDプレイヤー, MD player, 10, 09,,
ビデオカメラ, Video camera, 10, 09,,
ビデオプリンター, Video printer, 10, 09,,
FAX, FAX, 10, 09,,
ミニコンポ, Mini component system, 71, 09,,
インターネットターミナル, Internet terminal, 20, 09,,
全国地図 CD-ROM, National map CD-ROM, 10, 09,,
広末涼子テレカ, Hirosue Ryoko telephone card, 1, 09,,
広末涼子ポスター, Hirosue Ryoko poster, 10, 09, 09, 0
ポテトスナック, Potato snacks, 110, 09,,
豆乳, Soy milk, 50, 09,,
ボードゲーム「人生ゲーム平成版X」, Board game _Game of Life Heisei Edition X_, 6, 09,,
ダイエット食品, Diet foods, 100, 09,,
ディズニー3Dアートボックス, Disney 3D Art Box, 10, 09,,
文字放送用チューナー, Teletext tuner, 10, 09,,
塩, Salt, 65, 09,,
ネクタイ, Tie, 25, 09,,
育毛剤, Hair growth agent, 11, 09,,
手袋, Gloves, 1, 09,,
竹製シートカバー, Bamboo seat cover, 15, 09,,
ゴルフシューズ, Golf shoes, 30, 09, 10, 19000
万能ナイフ, All-purpose knife, 15, 09,,
電動歯ブラシ, Electric toothbrush, 50, 09,,
インスタント食品, Instant food, 1, 09,,
チーズかまぼこ, Cheese kamaboko, 1, 09,,
しょうが, Ginger, 85, 09,,
野菜ジュース, Vegetable juice, 10, 09, 10, 6000
しょうゆ, Soy sauce, 5, 09,,
長いも, Yam, 5, 09,,
ラジコンカー, Radio-controlled car, 6, 09,,
台湾往復航空券, Taiwan round-trip air ticket, 50, 09,,
オレンジカード, Orange card, 5, 09,,
本「中田英寿編集長 アッカ!!」, Book _Editor-in-Chief Nakata Hidetoshi ACCA!!_, 5, 09,,
ビデオ「ロベルト・バッジオ」, Video _Roberto Baggio_, 5, 09,,
サファイアのアクセサリー・, Sapphire accessories, 100, 09,,
デジタルカメラ, Digital camera, 50, 09,,
液晶テレビ, LCD TV, 50, 09,,
食品包装ラップ, Food packaging wrap, 5, 09, 12, 3000
目もと用バック, Eye bag, 5, 09,,
ヨーヨー, Yo-yo, 1, 09,,
アントニオ猪木写真集, Antonio Inoki photo book, 5, 09, 12, 10000
ジュース, Juice, 105, 09,,
イス, Chair, 55, 09,,
モーニング娘ポスター, Morning Musume poster, 1, 09,,
ビデオ「ビーバップハイスクール」, Video _Be-Bop High School_, 35, 09,,
ゲームソフト OR ハイウェイカード, Game software OR Highway card, 31, 09,,
じゃがいも、ごぼう、にんじん、かぼちゃ, Potato_ burdock_ carrot_ pumpkin, 100, 09,,
イクラ、カレイ、ししゃも, Salmon roe_ flounder_ shishamo, 50, 09,,
組み立て式ワゴン, Assembled wagon, 20, 09,,
電動歯ブラシ, Electric toothbrush, 20, 09,,
バッグ, Bag, 21, 09,,
クッキングスケールー, Cooking scale, 20, 09,,
フライパン, Frying pan, 20, 09,,
オーケストラコンサート招待券, Invitation to orchestra concert, 5, 09,,
サングラス, Sunglasses, 31, 09,,
現金1万円, 10_000 yen in cash, 1, 09,,
レストラン食事券, Restaurant meal voucher, 5, 09,,
カーナビー, Carnaby, 50, 09,,
ヒゲ剃り, Shaver, 10, 09,,
ゴマだれ, Sesame sauce, 5, 09,,
ぶどう(2kg), Grapes (2kg), 50, 09,,
チョコレート, Chocolate, 100, 09,,
油絵セット OR 色鉛筆セット, Oil painting set OR Colored pencil set, 1, 09,,
ポテトスナック, Potato snack, 10, 09,,
あゆの姿煮, Simmered sweetfish, 1, 09,,
梨 (5kg), Pear (5kg), 10, 09,,
さつまいも (5kg), Sweet potato (5kg), 10, 09,,
りんご(5kg), Apple (5kg), 10, 09,,
鮭(1kg), Salmon (1kg), 10, 09,,
さんま(1kg), Sanma (1kg), 10, 09,,
柿, Persimmon, 10, 09,,
まぐろブツ, Tuna chunks, 10, 09,,
栗きんとん, Chestnut paste, 10, 09,,
みそ汁, Miso soup, 50, 09,,
工具箱, Tool box, 30, 09,,
クッキー, Cookies, 50, 09,,
リップクリーム, Lip balm, 10, 09,,
豆腐, Tofu, 50, 09,,
ぶどうオイル, Grape oil, 50, 09,,
クイズ賞金1万円, Quiz prize money 10_000 yen, 10, 09,,
電卓, Calculator, 10, 09,,
プレイステーション&ゲームソフト, PlayStation & game software, 30, 09,,
カップラーメンー, Cup ramen, 1, 09,,
広末涼子生写真 OR クリアファイル, Hirosue Ryoko photo OR Clear file, 1, 09,,
広末涼子ファンクラブ会報, Hirosue Ryoko fan club newsletter, 1, 09,,
広末涼子ポストカード OR ビデオ「R.H」, Hirosue Ryoko postcard OR Video _R.H_, 2, 09,,
広末涼子サイン入りテレカ, Hirosue Ryoko autographed phone card, 10, 09,,
広末涼子ペンケース, Hirosue Ryoko pencil case, 1, 09,,
ノートパソコン用ケースー, Laptop case, 10, 10, 12, 36000
佃煮, Tsukudani, 50, 10,,
ホテル宿泊券, Hotel accommodation voucher, 151, 10,,
乳性飲料, Dairy drink, 150, 10,,
ガンダムテレカ, Gundam telephone card, 11, 10,,
ウインナー, Wiener, 50, 10,,
味付ごま, Flavored sesame, 50, 10,,
プラモデル「マツダ・ロードスター, Plastic model _Mazda Roadster, 60, 10,,
カードケース, Card case, 50, 10,,
日産「キューブ」, Nissan _Cube_, 100, 10,,
サウナ入浴券, Sauna bath voucher, 10, 10,,
アルコール飲料, Alcoholic drink, 61, 10,,
地球一周の船旅, Voyage around the world, 50, 10,,
CDミニコンポ, CD mini component system, 26, 10,,
レコードプレーヤー, Record player, 25, 10,,
クイズ賞金10万円, Quiz prize of 100_000 yen, 50, 10,,
ラジコンカー, Radio-controlled car, 2, 10, 11, 1300
オパールの指輪, Opal ring, 1, 10,,
本「経済探検 未来への指針」, Book _Economic exploration: A guide to the future_, 1, 10,,
ヨーロッパグルメ旅行, Europe gourmet trip, 50, 10,,
サーロインステーキ肉, Sirloin steak meat, 50, 10, 11, 15000
イギリステニス観戦ツア, England tennis tour, 10, 10,,
スヌーピーの人形, Snoopy doll, 1, 10,,
電話機, Telephone, 1, 10,,
シャ乱Q つんく使用済 フェンディの帽子, SharanQ Tsunku used Fendi hat, 1, 10,,
イタリア旅行, Trip to Italy, 50, 10,,
ジュース, Juice, 60, 10,,
現金5万円 OR 100万円, Cash of 50_000 yen OR 1 million yen, 100, 10,,
シガーケース, Cigar case, 1, 10,,
やかん, Kettle, 50, 10,,
梅酒, Plum wine, 5, 10,,
ゼリー, Jelly, 100, 10,,
スニーカー, Sneakers, 55, 10,,
英会話パソコンソフト, English conversation PC software, 20, 10,,
アカすりタオル, Scrubbing towel, 1, 10,,
ケン玉, Kendama, 10, 10,,
のど飴, Throat lozenges, 10, 10,,
收納棚, Storage shelf, 25, 10,,
パスタセット, Pasta set, 50, 10,,
体脂肪計, Body fat scale, 10, 10, 11, 1000
お酢, Vinegar, 10, 10,,
はちみつ, Honey, 10, 10,,
浄水器付きシャワー, Shower with water purifier, 10, 10,,
ニューヨーク旅行, New York trip, 50, 10,,
ネオジオポケット&ソフト, Neo Geo pocket & software, 5, 10,,
ポップコーン, Popcorn, 1, 10,,
パレオ, Paleo, 1, 10,,
和英電子辞書, Japanese-English electronic dictionary, 1, 10,,
図書カード, Library card, 20, 10,,
ピーナッツバター, Peanut butter, 20, 10,,
格闘ビデオ「修斗ミドル級王者決定戦 桜井速人 VS 中尾受太郎」, Fighting video _Shooto Middleweight Championship Deciding Match Sakurai Hayato VS Nakao Jutaro_, 1, 10,,
渡辺由紀テレカ, Watanabe Yuki telephone card, 1, 10,,
九谷焼の皿, Kutani ware plate, 30, 10,,
夫婦茶碗, Couples tea bowl, 30, 10,,
ティーセット, Tea set, 5, 10,,
バスマット, Bath mat, 5, 10,,
野菜と卵の詰め合わせ, Vegetable and egg assortment, 50, 10,,
広末涼子主演映画ビデオ 「20世紀ノスタルジア」, Video starring Hirosue Ryoko _20th Century Nostalgia_, 36, 10,,
広末涼子パネル, Hirosue Ryoko panel, 2, 10,,
育毛剤, Hair growth agent, 15, 10, 11, 6000
通 ???, Commoner ???, 55, 10,,
クイズ賞金1万円也, Quiz prize 10_000 yen, 5, 10,,
CD5枚セット (グレイ、ミーシャ他), Set of 5 CDs (Gray_ Misha_ etc.), 1, 10,,
CDプレイヤー OR MDプレイヤー, CD player OR MD player, 1, 10,,
天気予報計, Weather forecaster, 10, 10,,
サングラス, Sunglasses, 61, 10,,
ボードゲーム 「人生ゲーム平成版X」, Board game _Game of Life Heisei version X_, 10, 10,,
シャワー付き浄水器, Water purifier with shower, 10, 10,,
機関車のプラモデル, Plastic model of locomotive, 1, 10,,
チーズかまぼこ, Cheese kamaboko, 50, 10,,
座頭市テレカ, Zatoichi telephone card, 5, 10, 11, 1500
宜保愛子の本2冊, Two books by Aiko Yoshibo, 1, 10,,
青木裕子テレカ, Aoki Yuko telephone card, 1, 10,,
松田 純ビデオ OR CD-ROM 時刻表, Matsuda Jun video OR CD-ROM timetable, 1, 10,,
アイスクリーム, Ice cream, 50, 10,,
ロシア~パリ旅行, Russia to Paris trip, 50, 10,,
モーニング娘 中澤裕子使用済ネックレス, Morning Musume Nakazawa Yuko used necklace, 1, 10,,
風呂敷, Furoshiki, 10, 10,,
トヨタ「プリウス」, Toyota Prius, 50, 10,,
野生のイルカと逢える旅, Journey to meet wild dolphins, 50, 10,,
カップうどん, Cup udon, 200, 10,,
にしんの缶詰, Canned herring, 50, 10,,
塩, Salt, 10, 10,,
だしつゆ, Dashi soup, 10, 10,,
ソース, Sauce, 10, 10,,
針植え用台, Needle planting stand, 10, 10,,
電動自転車, Electric bicycle, 55, 10,,
ゴルフボール, Golf ball, 5, 10, 12, 4800
スピーカー, Speaker, 50, 10,,
ダイエット食品, Diet food, 100, 10,,
ビデオデッキ, VCR, 10, 10, 10, 85000
まくら, Pillow, 5, 10,,
広末涼子直筆俳句, Hirosu Ryokos handwritten haiku, 1, 10,,
広末涼子クリアファイル, Hirosu Ryoko clear file folder, 1, 10,,
スパゲティ, Spaghetti, 51, 10,,
ポテトスナック, Potato snack, 201, 10,,
ラスカルの貯金箱, Rascals piggy bank, 5, 10,,
ビデオテープ, Video tape, 1, 10,,
優香テレカ, Yuka telephone card, 1, 10,,
プレイステーション & ゲームソフト, PlayStation & Game software, 26, 10,,
電動シェーバー, Electric shaver, 1, 10,,
ゴーグル, Goggles, 20, 10,,
レストラン食事券, Restaurant meal voucher, 40, 10,,
カメラ, Camera, 61, 10,,
ジグソーパズル, Jigsaw puzzle, 20, 10,,
香水, Perfume, 71, 10,,
竹野内豊ポストカード, Yutaka Takenouchi postcard, 1, 10,,
ブーツ, Boots, 71, 10,,
天体望遠鏡, Telescope, 1, 10,,
釣り竿セット, Fishing rod set, 1, 10,,
中華まんセット, Chinese steamed bun set, 50, 10,,
ふりかけ, Furikake, 160, 10, 12, 500
MDコンポ, MD component, 50, 10,,
本「格闘技を知的に観る方法」, Book: _How to watch martial arts intelligently_, 1, 10,,
傘, Umbrella, 1, 10,,
商品券1万円, 10_000 yen gift certificate, 10, 10,,
パソコンソフト「電子地図帳」, Computer software: _Electronic atlas_, 81, 10,,
ワーゲン 「ビートル」, Volkswagen _Beetle_, 50, 10,,
バイク「TOMOS」, Motorcycle: _TOMOS_, 50, 10,,
鮎川なおみテレカ, Naomi Ayukawa telephone card, 1, 10,,
スニーカー, Sneakers, 60, 10,,
ヘッドホン, Headphones, 30, 10,,
ライター, Lighter, 10, 10,,
日本国内旅行, Travel within Japan, 50, 10,,
チョコレート, Chocolate, 50, 10,,
にしんの缶詰, Canned herring, 50, 10,,
砂糖, Sugar, 50, 10,,
調理油, Cooking oil, 10, 10,,
遊園地入園券, Amusement park admission ticket, 10, 10,,
浅香光代新春公演チケット, Ticket for Mitsuyo Asakas New Years performance, 1, 10,,
お茶, Tea, 10, 10,,
新幹線のプラモデル, Plastic model of the Shinkansen, 5, 10,,
沖縄旅行, Trip to Okinawa, 50, 10,,
トイレットペーパー, Toilet paper, 2, 10, 11, 1500
電子辞書 OR FAX, Electronic dictionary or fax, 1, 10,,
松茸, Matsutake mushroom, 100, 10, 11, 10000
米 「コシヒカリ」(10kg), Rice: _Koshihikari_ (10kg), 50, 10, 11, 8500
電動ブラシ, Electric brush, 20, 10,,
広末涼子サイン色紙, Signed color paper by Ryoko Hirosue, 1, 10,,
広末涼子サイン入りポラ, Polaroid signed by Ryoko Hirosue, 1, 10,,
ビデオ「レースクイーン・メモリアルビデオマガジン」, Video: _Race Queen Memorial Video Magazine_, 1, 10,,
ビデオ「シューティング 桜井速人VS中尾受太郎」, Video: _Shooting: Hayato Sakurai vs. Jutaro Nakao_, 1, 10,,
ビデオ「新日本プロレス G1 CLIMAX」, Video: _New Japan Pro-Wrestling G1 CLIMAX_, 1, 10,,
ビデオ「松田 純 金環蝕」, Video: _Jun Matsuda _Annular Eclipse_, 1, 10,,
ビデオ 「鮎川なおみ Visual Queen」, Video _Naomi Ayukawa Visual Queen_, 1, 10,,
ビデオ「世界のサンセット」, Video _Sunsets of the World_, 1, 10,,
ビデオ「テーブルマナ (フレンチ編)」, Video _Table Mana (French Version)_, 1, 10,,
ビデオ「美人おかみのいる温泉宿」, Video _Hot Spring Inn with Beautiful Landlady_, 1, 10,,
ビデオ「クラシック バレエへの招待」, Video _Invitation to Classical Ballet_, 1, 10,,
净水器, Water Purifier, 25, 10,,
缶コーヒー, Canned Coffee, 25, 10,,
えのき茸の佃煮, Enoki Mushrooms in Soy Sauce, 100, 10,,
中華まん, Chinese Steamed Buns, 50, 10,,
ハワイ旅行, Hawaii Trip, 25, 10,,
仲間由紀恵テレカ, Yukie Nakama Telecard, 2, 10,,
ベルト, Belt, 25, 10, 11, 7000
ごまソース, Sesame Sauce, 50, 10,,
ネオジオポケット&ゲームソフト, Neo Geo Pocket & Game Software, 35, 10,,
ホットプレート, Hot Plate, 5, 10,,
時計, Watch, 5, 10,,
ダウンベスト, Down Vest, 5, 10,,
クイズ賞金10万円, Quiz Prize of 100_000 Yen, 5, 10,,
MTBグローブORヘルメット, MTB Gloves OR Helmet, 1, 10,,
チューイングガム, Chewing Gum, 40, 10,,
酢&塩, Vinegar & Salt, 40, 10,,
音楽ギフトカード(3千円分), Music Gift Card (3_000 Yen), 20, 10,,
カレー粉, Curry Powder, 70, 10,,
小麦粉, Flour, 20, 10,,
ヨーグルト飲料, Yogurt Drink, 20, 10,,
せんべい, Rice Crackers, 100, 10,,
現金1_000万円, 10 Million Yen in Cash, 50, 10,,
ダイエット飲料, Diet Drink, 10, 10,,
パソコンソフト「デジタルロケ・ライト」, Computer Software _Digital Location Light_, 1, 10,,
ルアー釣りセット, Lure Fishing Set, 1, 10,,
腕時計, Watch, 253, 10,,
しょうゆ, Soy Sauce, 20, 10,,
もなか, Monaka, 50, 10,,
プレイステーション, PlayStation, 103, 10,,
フライパン, Frying Pan, 30, 10,,
はし, Chopsticks, 10, 10,,
ベビー用ふとんセット, Baby Bedding Set, 10, 10,,
バッグ, Bag, 62, 10,,
アクセサリー, Accessories, 91, 10,,
じゃがいも(10kg), Potatoes (10kg), 50, 10,,
米「コシヒカリ」&「ササニシキ」(各2kg), Rice _Koshihikari_ & _Sasanishiki_ (2kg each), 50, 10, 12, 750
三菱 「パジェロ・ミニ」, Mitsubishi _Pajero Mini_, 10, 10,,
カメラ, Camera, 20, 10,,
ココア, Hot chocolate, 10, 10,,
日本~香港往復航空券, Japan-Hong Kong round-trip air ticket, 10, 10,,
ネクタイ, Tie, 10, 10,,
ラーメン, Ramen, 50, 10,,
米「ゴロビカリ」(5kg), Rice _Gorobikali_ (5kg), 50, 10,,
カレンダー(各種プロレス団体), Calendar (various wrestling organizations), 30, 10,,
マヨネーズ, Mayonnaise, 50, 10, 11, 540
広末涼子カレンダー, Hirosue Ryoko calendar, 6, 10,,
広末涼子直筆川柳色紙, Hirosu Ryokos handwritten senryu shikishi, 1, 10,,
CD 「歌がうまくなるCD」, CD _CD to improve your singing skills_, 1, 11,,
スクーター, Scooter, 1, 11,,
みそ, Miso, 60, 11,,
ヨーグルト, Yogurt, 150, 11,,
缶ジュース, Canned juice, 145, 11,,
工具セット, Tool set, 5, 11,,
缶コーヒー, Canned coffee, 60, 11,,
ツナサラダ, Tuna salad, 50, 11,,
カップスープ, Cup soup, 5, 11,,
しょうゆ, Soy sauce, 5, 11,,
中華まん, Chinese steamed bun, 150, 11,,
電子辞書, Electronic dictionary, 6, 11,,
ミニスキー板, Mini skis, 5, 11,,
育毛剤, Hair growth tonic, 5, 11,,
三菱 「パジェロミニ｣, Mitsubishi _Pajero Mini_, 10, 11,,
フィギア「メーテル」, Figure _Maetel_, 1, 11,,
ゴン太くんの顔型 シートクッション, Gonta-kuns face-shaped seat cushion, 1, 11,,
サングラス, Sunglasses, 32, 11,,
ラクリマ・クリスティテレ, Lacryma Christiere, 1, 11,,
ティル・アン・グレイテレカ, Til en Grey telephone card, 1, 11,,
トヨタ「スターレット」, Toyota _Starlet_, 10, 11,,
財布, Wallet, 20, 11,,
松茸, Matsutake mushroom, 10, 11,,
腕時計, Watch, 41, 11,,
クッキー, Cookies, 160, 11,,
ビデオ「七人の侍」, Video _Seven Samurai_, 1, 11,,
PHS, PHS, 1, 11,,
まくら, Pillow, 1, 11,,
フォード「フェステバ」, Ford _Festeva_, 10, 11,,
デジタルスチールカメラ, Digital still camera, 10, 11,,
インターネッ用ターミナル, Internet terminal, 10, 11,,
カーナビ, Car navigation system, 10, 11,,
松屋プリペイドカード(5万円分), Matsuya prepaid card (50_000 yen), 10, 11,,
ダイエット食品, Diet food, 150, 11,,
双眼鏡, Binoculars, 5, 11,,
スケートボード, Skateboard, 5, 11,,
ヌンチャクー, Nunchaku, 5, 11,,
ドコモ・ポケットボード, DoCoMo Pocket Board, 5, 11,,
トヨタ「クレスタ」, Toyota _Cresta_, 10, 11,,
パソコン用デスク, Computer desk, 40, 11,,
バーチャル水槽, Virtual aquarium, 10, 11,,
東京~石垣島 往復航空券, Tokyo to Ishigaki Island Round-trip air ticket, 10, 11,,
イギリス旅行, Trip to England, 10, 11,,
イタリア旅行, Trip to Italy, 20, 11,,
ハワイ旅行, Trip to Hawaii, 10, 11,,
フィリピン旅行, Trip to the Philippines, 10, 11,,
タイ旅行, Trip to Thailand, 10, 11,,
オーストラリア旅行, Trip to Australia, 20, 11,,
ドイツ旅行, Trip to Germany, 10, 11,,
カナダ旅行, Trip to Canada, 15, 11,,
スイス旅行, Trip to Switzerland, 10, 11,,
フィンランド旅行, Trip to Finland, 10, 11,,
ニュージーランド旅行, Trip to New Zealand, 10, 11,,
現金総額1_000万円, Total cash of 10 million yen, 10, 11,,
血圧計, Blood pressure monitor, 1, 11,,
靴磨きセット, Shoe shine set, 1, 11,,
栗もなか, Chestnut monaka, 50, 11,,
鳥肉, Chicken meat, 50, 11,,
チョコレート, Chocolate, 50, 11,,
トヨタ「プログレ」, Toyota _Progre_, 50, 11,,
子供用ブロック, Childrens blocks, 1, 11,,
マヨネーズ, Mayonnaise, 1, 11,,
インスタントコーヒー, Instant coffee, 1, 11,,
広末涼子 写真集, Hirosue Ryoko photo book, 1, 11,,
広末涼子クリアファイル, Hirosue Ryoko clear file, 1, 11,,
広末涼子目覚し時計, Hirosue Ryoko alarm clock, 1, 11,,
広末涼子 等身大看板, Hirosue Ryoko life-size billboard, 1, 11,,
広末涼子 DoCoMoのノボリ, Hirosue Ryoko DoCoMo banner, 1, 11,,
広末涼子 スケジュールボードー, Hirosue Ryoko schedule board, 1, 11,,
バンコク旅行, Trip to Bangkok, 10, 11,,
東京〜ロサンゼルス往復航空券, Tokyo to Los Angeles round-trip air ticket, 10, 11,,
アメリカゴルフ観戦旅行, Trip to watch golf in the US, 10, 11,,
テレビ, Television, 10, 11,,
現金100万円, 1 million yen in cash, 10, 11,,
お掃除セット!, Cleaning set!, 10, 11,,
うどんセット, Udon set, 62, 11,,
ソース, Sauce, 5, 11,,
チョコレート, Chocolate, 100, 11,,
プジョー 「306 STYLE」, Peugeot _306 STYLE_, 30, 11,,
三菱パジェロ・ミニ」「ミニカ」他, Mitsubishi Pajero Mini_ _Minica_ and others, 11, 11,,
塩, Salt, 11, 11,,
豆乳, Soy milk, 10, 11,,
缶ジュース, Canned juice, 10, 11,,
フライパン, Frying pan, 10, 11,,
フィギュア「キン肉マン】世」, Figure _Kinnikuman_ World, 1, 11,,
ウルトラマン貯金箱, Ultraman piggy bank, 1, 11,,
コーンスナック, Corn snacks, 50, 11,,
ライター, Lighter, 5, 11,,
ポテトスナック, Potato snacks, 51, 11,,
ウクレレ, Ukulele, 1, 11,,
奥菜恵テレカ, Okina Megumi telephone card, 1, 11,,
エレキギター OR マイク, Electric guitar OR Microphone, 1, 11,,
マヨネーズ, Mayonnaise, 10, 11,,
パスタ, Pasta, 10, 11,,
ゼリー, Jelly, 10, 11,,
ダウンコート, Down coat, 10, 11,,
ヘッドホン, Headphones, 10, 11,,
アイスクリーム, Ice cream, 100, 11,,
羊肉(1kg), Lamb (1kg), 1, 11,,
ダイハツ「MOVE」, Daihatsu _MOVE_, 10, 11,,
プレイステーション, PlayStation, 10, 11,,
バイク, Motorcycle, 20, 11,,
焼きそば, Yakisoba, 50, 11,,
スパゲティ, Spaghetti, 100, 11,,
深田恭子 テレカ, Fukada Kyoko phone card, 1, 11,,
CDミニコンポ, CD mini component system, 1, 11,,
こしょう, Pepper, 5, 11,,
かぼすのドレッシング OR かぼす, Kabosu dressing OR Kabosu, 10, 11,,
干し椎茸, Dried shiitake mushrooms, 5, 11,,
海藻, Seaweed, 5, 11,,
ちりめん, Chirimen, 15, 11,,
ふりかけ, Furikake, 10, 11,,
雑炊, Rice porridge, 10, 11,,
サバ・アジ, Mackerel/Horse mackerel, 100, 11,,
広末涼子 テレカ & クリアファイル, Hirosue Ryoko phone card & clear file, 11, 11,,
広末涼子 ビデオ, Hirosue Ryoko video, 1, 11,,
カメラ, Camera, 20, 11,,
掃除機, Vacuum cleaner, 5, 11,,
スピーカー, Speakers, 5, 11,,
ふぐの唐揚げ&タレ, Fried fugu & sauce, 55, 11,,
MDプレイヤー, MD player, 46, 11,,
ヘッドホン, Headphones, 6, 11,,
ホンダ「ライフ」「Z」他, Honda _Life_ _Z_ etc., 30, 11,,
ノルウェー旅行, Norway trip, 5, 11,,
金沢料亭の旅, Kanazawa restaurant trip, 180, 11,,
ウルトラマン目覚し時計, Ultraman alarm clock, 1, 11,,
プレイステーション & ゲームソフト, PlayStation & game software, 2, 11,,
焼きそば, Yakisoba, 2, 11,,
みそ & しょうゆセット, Miso & Soy sauce set, 100, 11,,
香水「ジバンシイ」 OR 「フェンディ」他, Perfume _Givenchy_ OR _Fendi_ etc., 55, 11,,
ホテル宿泊券, Hotel accommodation voucher, 10, 11,,
おひつ, Rice container, 1, 11,,
机, Table, 5, 11,,
せんべい, Rice crackers, 100, 11,,
バイオリン, Violin, 1, 11,,
黒田美礼 テレカ, Kuroda Mirei phone card, 1, 11,,
ラーメンー, Ramen, 51, 11,,
コーンスナック, Corn snacks, 50, 11,,
ケーキ, Cake, 50, 11,,
鋼, Steel, 15, 11,,
ネオジオポケット & 専用ゲームソフト, Neo Geo Pocket & Dedicated game software, 1, 11,,
望遠鏡, Telescope, 1, 11,,
香港旅行, Trip to Hong Kong, 10, 11,,
スペイン旅行, Trip to Spain, 10, 11,,
商品券10万円 OR 現金10万円, 100_000 yen gift certificate OR 100_000 yen cash, 10, 11, 12, 10000
革靴, Leather shoes, 20, 11,,
携帯電話, Cell phone, 10, 11,,
ビデオデッキ, Video deck, 20, 11,,
バッグ, Bag, 130, 11,,
みかん(5kg), Tangerines (5kg), 50, 11,,
チョコレート, Chocolate, 50, 11,,
ステーキ肉, Steak meat, 50, 11,,
コーンスナック, Corn snacks, 50, 11,,
スキー板, Skis, 5, 11,,
漬物, Pickles, 100, 11,,
ホテル宿泊券, Hotel accommodation vouchers, 5, 11,,
アクセサリー, Accessories, 56, 11,,
バッグ, Bag, 66, 11,,
飲む寒天, Drinkable agar, 10, 11,,
調味料, Seasonings, 100, 11,,
せんべい, Rice crackers, 100, 11,,
ポテトスナック, Potato snacks, 50, 11,,
フルーツ缶詰, Canned fruit, 50, 11,,
サラダ油, Salad oil, 5, 11,,
のど飴, Throat lozenges, 10, 11,,
ブラックビスケッツ サイン入りポラ, Black Biscuits autographed polaroid, 1, 11,,
マフラー(車用), Muffler (for car), 1, 11,,
パソコン, Computer, 1, 11,,
スノーボードレッスンビデオ, Snowboard lesson video, 1, 11,,
田中麗奈テレカ, Tanaka Rena phone card, 1, 11,,
ビデオカメラ, Video camera, 50, 11,,
広末涼子カレンダー, Hirosue Ryoko calendar, 39, 11, 12, 0
広末涼子 自筆プロフィール, Hirosue Ryoko handwritten profile, 1, 11,,
広末涼子 使用済糸でんわ, Hirosue Ryoko used thread phone, 1, 11,,
ラーメン, Ramen, 90, 12,,
飲茶セット, Dim sum set, 50, 12,,
ヨーグルト, Yogurt, 160, 12,,
羽毛枕, Feather pillow, 1, 12, 12, 8000
かつおのタタキ & うつぼのタタキセット, Seared bonito & seared moray eel set, 50, 12,,
中華の素, Chinese seasoning, 100, 12,,
あめ, Candy, 60, 12,,
たれのセット, Sauce set, 50, 12,,
腕時計, Watch, 36, 12,,
プレイステーション & ゲームソフト, PlayStation & video games, 4, 12,,
中村美津子キーホルダー, Nakamura Mitsuko keychain, 1, 12,,
モーニング娘。カレンダー, Morning Musume. Calendar, 1, 12,,
バター, Butter, 51, 12,,
缶コーヒー, Canned coffee, 30, 12,,
ジュース, Juice, 10, 12,,
ポップコーン, Popcorn, 200, 12,,
ゼリー, Jelly, 160, 12,,
くつ下, Socks, 5, 12,,
飲む寒天, Drinkable agar, 10, 12,,
うどん, Udon, 2, 12,,
ゴーグル, Goggles, 1, 12,,
ポケットゲームー, Pocket game, 1, 12,,
FAX OR 目覚し時計, FAX OR Alarm clock, 2, 12,,
マツダ「ファミリア」, Mazda _Familia_, 10, 12,,
チョコレート飲料, Chocolate drink, 10, 12,,
紅茶 & ケーキセット, Tea & cake set, 60, 12,,
海産物詰め合わせ, Seafood assortment, 50, 12,,
イタリア旅行, Trip to Italy, 5, 12,,
テレビ, Television, 5, 12,,
米(5kg), Rice (5kg), 50, 12,,
広末涼子カレンダー, Hirosue Ryoko calendar, 19, 12,,
広末涼子自筆サイン入り フォトスタンド, Photo stand with Hirosue Ryokos autograph, 1, 12,,
アイスクリーム, Ice cream, 51, 12,,
サングラス, Sunglasses, 23, 12,,
グアルジャー旅行, Trip to Guaruja, 5, 12,,
オーストラリア旅行, Trip to Australia, 5, 12,,
マイアミ旅行, Trip to Miami, 5, 12,,
ハワイ旅行, Trip to Hawaii, 5, 12,,
みそ, Miso, 100, 12,,
中華まん, Chinese bun, 300, 12,,
バッグー, Bag, 1, 12,,
スノーボード, Snowboard, 1, 12,,
ギター, Guitar, 1, 12,,
鋼, Steel, 1, 12,,
ポテトスナック, Potato snacks, 150, 12,,
和菓子, Japanese sweets, 50, 12,,
BMW 318i, BMW 318i, 5, 12,,
ノートパソコン, Laptop, 5, 12,,
MDプレイヤー, MD player, 20, 12,,
ロンドン旅行, Trip to London, 5, 12,,
カリフォルニア旅行, Trip to California, 5, 12,,
コンパクトミラー, Compact mirror, 1, 12,,
キャベッジ人形, Cabbage doll, 1, 12,,
ジャム, Jam, 10, 12,,
塩, Salt, 10, 12,,
焼きそば, Fried noodles, 50, 12,,
ジャガイモ(10kg), Potatoes (10kg), 50, 12,,
野球盤ゲーム, Baseball board game, 51, 12,,
ネクタイ, Tie, 1, 12,,
DVDプレイヤー, DVD player, 1, 12,,
アンデス旅行, Trip to the Andes, 10, 12,,
シドニー旅行, Trip to Sydney, 5, 12,,
ソウル旅行, Trip to Seoul, 5, 12,,
米(5kg), Rice (5kg), 50, 12,,
旅行クーポン券10万円, 100_000 yen travel coupon, 5, 12,,
柿 (5kg) OR みかん (10kg), Persimmon (5kg) OR Mandarin orange (10kg), 5, 12,,
スズキ「ワゴンR」 「ジムニー」他, Suzuki _Wagon R_ _Jimny_ and others, 30, 12,,
カーステレオ, Car stereo, 5, 12,,
CS用チューナー, CS tuner, 5, 12,,
パソコン, PC, 5, 12,,
ステレオ, Stereo, 5, 12,,
アクセサリー, Accessories, 5, 12,,
黒豚詰め合わせ, Assorted black pork, 1, 12,,
野菜ジュース, Vegetable juice, 1, 12,,
奈良漬け, Nara pickles, 50, 12,,
ダイエット栄養食, Dietary food, 50, 12,,
ニットキャップ, Knit cap, 5, 12,,
ホテル宿泊券, Hotel accommodation voucher, 15, 12,,
デジタルカメラ&プリンター, Digital camera & printer, 5, 12,,
商品券1万円, 10_000 yen gift certificate, 5, 12,,
天体望遠鏡, Telescope, 1, 12,,
ビデオカメラ, Video camera, 1, 12,,
CDコンボ, CD combo, 1, 12,,
電動シェーバー, Electric shaver, 1, 12,,
うどん, Udon, 11, 12,,
マシュマロ, Marshmallow, 50, 12,,
鍋 (直径20cm), Hot pot (20cm diameter), 100, 04,,Kitchen & Cooking Supplies
ウィダーinゼリー, Wheyder in jelly, 100, 04,,Health & Wellness
テディベアのぬいぐるみ, Teddy bear, 5, 04,,Collectibles & Memorabilia
ポテトチップスセット, Potato chips set, 50, 04,,Food & Beverages (Packaged)
アルゼンチンタンゴ日本公演チケット, Argentine tango performance ticket in Japan, 1, 04,,Tickets & Experiences
足ふみマッサージ体験チケット, Foot massage experience ticket, 1, 04,,Tickets & Experiences
スチームカーラー, Steam curler, 10, 04,,Beauty & Personal Care
BMWLOFアメリカOAギフトカード(10万円分), BMW LOF America OA gift card (100_000 yen), 50, 04,,Gift Certificates & Vouchers
チョコレート, Chocolate, 100, 04,,Food & Beverages (Packaged)
ビジネスシューズ, Business shoes, 10, 04, 05, 19800,Fashion & Accessories
歯みがきセット, Toothbrush set, 157, 04,,Beauty & Personal Care
腕時計, Watch, 40, 04,,Fashion & Accessories
CDプレイヤー, CD player, 40, 04,,Electronics & Technology
ゴジラおしゃべり目覚し時計, Godzilla talking alarm clock, 40, 04,,Collectibles & Memorabilia
低カロリーレトルト食品(シチュー、肉じゃが, Low-calorie retort food (stew_ nikujaga (beef and potatoes), 50, 04,,Food & Beverages (Packaged)
和菓子「かまくらカスター」, Japanese sweets _Kamakura Custard_, 50, 04,,Japanese Specialty Foods
京風あぶらとり紙, Kyoto-style oil blotting paper, 5, 04,,Beauty & Personal Care
生スパゲティ「ババリア｣, Fresh spaghetti _Bavaria_, 50, 04,,Food & Beverages (Packaged)
掃除機, Vacuum cleaner, 100, 04,,Home Appliances
トマトジュース(8リットル), Tomato juice (8 liters), 50, 04,,Food & Beverages (Packaged)
栃木コシヒカリ「穂の香」 (5kg), Tochigi Koshihikari _Honoka_ (5kg), 50, 04,,Japanese Specialty Foods
海の幸セット, Seafood set, 150, 04,,Fresh Food & Produce
松葉ガニ, Snow crab, 50, 04,,Fresh Food & Produce
食器セット, Tableware set, 50, 04,,Kitchen & Cooking Supplies
化粧品セット(マニキュア他), Cosmetics set (nail polish_ etc.), 50, 04, 05, 25000,Beauty & Personal Care
バランス栄養食「ハニックス・33バランス」, Balanced nutritional food _Hanix 33 Balance_, 50, 04,,Health & Wellness
合鴨肉, Duck meat, 50, 04, 06, 3500,Fresh Food & Produce
図書券 (3_000円分), Book voucher (3_000 yen), 10, 04,,Gift Certificates & Vouchers
おかき詰め合わせ, Assorted rice crackers, 50, 04,,Japanese Specialty Foods
納豆ゼリー, Natto jelly, 50, 04,,Japanese Specialty Foods
アイスクリーム, Ice cream, 100, 04,,Food & Beverages (Packaged)
飲茶セット, Dim sum set, 100, 04,,Food & Beverages (Packaged)
高級のり, High-quality seaweed, 150, 04, 06, 5000,Japanese Specialty Foods
名探偵コナンのセル画, Cell drawings of Detective Conan, 1, 04,,Collectibles & Memorabilia
みそとしょうゆ他, Miso and soy sauce_ etc., 480, 04,,Japanese Specialty Foods
たまごスープ, Egg soup, 50, 04,,Food & Beverages (Packaged)
抗菌ソックス, Antibacterial socks, 1, 04,,Fashion & Accessories
本「主義のイタリアン101店」「あこがれの和食店」, Books _101 Italian restaurants of the principle_ and _Dream Japanese restaurants_, 1, 04,,Books & Educational
本「メイクの真実」, Book _The truth about makeup_, 1, 04,,Books & Educational
生ハムー, Prosciutto, 50, 04,,Fresh Food & Produce
いちご, Strawberries, 100, 04,,Fresh Food & Produce
スイカ, Watermelon, 50, 04, 08, 1000,Fresh Food & Produce
プレイステーション, PlayStation, 1, 04,,Electronics & Technology
NINTENDO64+野球ゲームソフト, Nintendo 64+ baseball game software, 1, 04,,Electronics & Technology
反町隆史テレカ, Takashi Sorimachi telephone card, 1, 04,,Collectibles & Memorabilia
広末涼子テレカ, Ryoko Hirosue telephone card, 10, 04,,Collectibles & Memorabilia
山川豊テレカ, Yutaka Yamakawa telephone card, 1, 04,,Collectibles & Memorabilia
坂本冬美テレカ, Fuyumi Sakamoto telephone card, 1, 04,,Collectibles & Memorabilia
トヨタ「ハリアー」, Toyota _Harrier_, 1, 04,,Automotive & Vehicles
電子手帳 「モバイルZ」, Electronic organizer _Mobile Z_, 50, 04,,Electronics & Technology
ネスカフェギフトセット, Nescafe gift set, 5, 04,,Food & Beverages (Packaged)
ロッテのガム, Lotte gum, 50, 04,,Food & Beverages (Packaged)
净水器, Water purifier, 50, 04, 05, 15000,Home Appliances
ティッシュペーパー, Tissue paper, 100, 04,,Health & Wellness
テニスシューズ, Tennis shoes, 50, 04,,Sports & Outdoor Equipment
英会話レッスンチケット, English conversation lesson ticket, 1, 04, 05, 10000,Tickets & Experiences
ポラロイドカメラ, Polaroid camera, 50, 04,,Electronics & Technology
ハンドバッグ, Handbag, 50, 04,,Fashion & Accessories
香水「フェラーリコロンウォーター」, Ferrari Cologne Water perfume, 10, 04,,Beauty & Personal Care
香水「フェンディファンタジア」, Fendi Fantasia perfume, 10, 04,,Beauty & Personal Care
ドラえもんトースター, Doraemon toaster, 1, 04,,Home Appliances
広末涼子ポスター, Hirosue Ryoko poster, 20, 04,,Collectibles & Memorabilia
広末涼子使用済フォトフレーム, Hirosue Ryoko used photo frame, 1, 04,,Collectibles & Memorabilia
脱毛ビデオ, Hair removal video, 1, 04,,Entertainment Media
ダイヤの指輪, Diamond ring, 50, 04,,Fashion & Accessories
パン粉、食用油、 天ぷら粉, Bread crumbs_ cooking oil_ tempura flour, 50, 04,,Food & Beverages (Packaged)
博多ラーメン, Hakata ramen, 50, 04,,Japanese Specialty Foods
焼き豚, Roasted pork, 50, 04,,Fresh Food & Produce
ロブスター, Lobster, 50, 04, 04, 15800,Fresh Food & Produce
現金100万円他, 1 million yen in cash, 100, 04,,Cash Prizes
「玄米がゆセット, Brown rice porridge set, 50, 04,,Japanese Specialty Foods
コーヒーメーカー, Coffee maker, 50, 04,,Home Appliances
北京ダック料理店「全紅華」お食事券, Peking duck restaurant _Zenkouka_ meal ticket, 10, 04,,Gift Certificates & Vouchers
東料理店「廣州」お食事券, Eastern restaurant _Kwangshu_ meal ticket, 50, 04,,Gift Certificates & Vouchers
マッサージ機「ビブラ」, Massage machine _Vibra_, 10, 04,,Health & Wellness
FAX電話機, Fax phone, 1, 04,,Electronics & Technology
パスタ詰め合わせ, Pasta assortment, 160, 04,,Food & Beverages (Packaged)
フェンディのポーチ, Fendi pouch, 50, 04,,Fashion & Accessories
フェンディの財布, Fendi wallet, 50, 04,,Fashion & Accessories
ハヤシライスのルー(6食分), Hayashi rice roux (6 servings), 50, 04,,Food & Beverages (Packaged)
ダイハツ「ストーリアOR現金(万円側), Daihatsu _Storia_ OR cash (10_000 yen side), 90, 04,,Automotive & Vehicles
スバル「ビストロ」, Subaru _Bistro_, 50, 04,,Automotive & Vehicles
日産「ルネッサ」 OR ラスベガスの旅 (日間), Nissan _Rnessa_ OR Las Vegas trip (Days), 50, 04,,Travel & Tourism
チーズの詰め合わせ, Assorted cheeses, 50, 04,,Food & Beverages (Packaged)
ポテトチップス詰め合わせ, Assorted potato chips, 51, 04,,Food & Beverages (Packaged)
リラックスチェアー(段階リクライニング式), Relax chair (step-recline type), 1, 04,,Home Appliances
レストラン「サバンクール」ディナー券, Restaurant _Sabancool_ dinner ticket, 1, 04,,Gift Certificates & Vouchers
ゲームソフト「バイオハザード」 PS版, Game software _Resident Evil_ PS version, 1, 04,,Entertainment Media
豊島園(入園券と乗り物券), Toshimaen (admission ticket and ride ticket), 1, 04,,Tickets & Experiences
健康食品「ヘルシーバランス」, Healthy Balance health food, 5, 04,,Health & Wellness
水前寺满子 新宿口公園入場券, Suizenji Manshi Shinjuku Gate Park admission ticket, 1, 04,,Tickets & Experiences
ワイルドブルーヨコハマチケット, Wild Blue Yokohama ticket, 1, 04,,Tickets & Experiences
東京ジョイポリスパスポート, Tokyo Joypolis passport, 1, 04,,Tickets & Experiences
中華料理店「東天紅」食事券, Chinese restaurant _Toh Tian Kou_ meal ticket, 1, 04,,Gift Certificates & Vouchers
モスラのたまごっち, Mothra Tamagotchi, 1, 04,,Electronics & Technology
ヘッドホンカセットプレーヤー「ショックマン」, Headphone cassette player _Shockman_, 1, 04,,Electronics & Technology
「LUNA SEA」特製コンパクトミラー, _LUNA SEA_ special compact mirror, 1, 04,,Collectibles & Memorabilia
ギョーザ (50個), Gyoza (50 pieces), 50, 04,,Japanese Specialty Foods
ゲームソフト「アトラス・レプス」 (PS用), Game software _Atlas Reps_ (PS version), 50, 04,,Entertainment Media
仏ワールドカップ観戦チケット, France World Cup tickets, 1, 04,,Tickets & Experiences
つくばワンワンランドチケット, Tsukuba Wanwan Land tickets, 1, 04,,Tickets & Experiences
ハムギフトセット, Ham gift set, 50, 04,,Food & Beverages (Packaged)
マッサージ機, Massage machine, 5, 12,,