日本語, English, Entries, Entry Month, Prize Month, JPY, Category
エプロン, Apron, 12, 02,,, Kitchen & Cooking Supplies
寿がきやの力もちうどん, Sugakiyas Chikaramochi Udon, 11, 02,,, Japanese Specialty Foods
キムチ, Kimchi, 1, 02,,, Food & Beverages (Packaged)
乳酸飲料24本, Lactic acid drink 24 bottles, 12, 02,,, Food & Beverages (Packaged)
ウッドペッカートレーナー, Woodpecker sweatshirt, 30, 02,,, Fashion & Accessories
でん六マメスポーツ観戦セット, Denroku Mame Sports viewing set, 30, 02,,, Food & Beverages (Packaged)
ディレクTVオリジナルTシャツ, DirectTV original T-shirt, 1, 02,,, Fashion & Accessories
モデルさん使用済パンティ(まいちゃん), Models used panties (Mai-chan), 1, 02,,, Collectibles & Memorabilia
モデルさん使用済パンティ(あられちゃん), Models used panties (Arare-chan), 1, 02,,, Collectibles & Memorabilia
「きかんしゃトーマス」ブリーフ2枚, _Thomas the Tank Engine_ briefs 2 pairs, 12, 02,,, Fashion & Accessories
「ゴー/ゴー/コニーちゃん」 パンティ, _Go/Go/Connie-chan_ panties, 12, 02,,, Fashion & Accessories
梅干ラーメン12食, Umeboshi ramen 12 servings, 13, 02,,, Japanese Specialty Foods
ウェンディーズ、ロゴ入りバスタオル, Wendys logo bath towel, 30, 02,,, Home Appliances
タケダ健康茶24本, Takeda Healthy Tea 24 bottles, 50, 02,,, Health & Wellness
鮭の中骨スナッククラッカー, Salmon backbone snack crackers, 50, 02,,, Food & Beverages (Packaged)
プライマルスクリーム日本公演 Tシャツ, Primal Scream Japan performance T-shirt, 200, 02,,, Collectibles & Memorabilia
テディベアトレーナー, Teddy bear sweatshirt, 50, 02,,, Fashion & Accessories
エアレデュオ(デザート系ムース), Aire Duo (dessert mousse), 70, 02,,, Food & Beverages (Packaged)
元気一番・ヨーグルト味12, Genki Ichiban Yogurt Flavor 12 bottles, 50, 02,,, Food & Beverages (Packaged)
パイオニアLD/CDプレーヤー, Pioneer LD/CD player, 50, 02,,, Electronics & Technology
薬膳そば 「そばがいい」, Medicinal soba _Soba ga Ii_, 100, 02,,, Japanese Specialty Foods
飲むゼリー「ファイバーゼリー」, Drinkable jelly _Fiber Jelly_, 30, 02, 02, 1560, Health & Wellness
ブラザーFAX, Brother FAX, 50, 02,,, Electronics & Technology
リーバイスGパン・, Levis jeans, 150, 02,,, Fashion & Accessories
ドゥニームGパン, Denime jeans, 100, 02,,, Fashion & Accessories
雑誌オリジナルTシャツ, Magazine original T-shirt, 100, 02,,, Fashion & Accessories
体温計・時計・山田まりやテレカ(のうちひとつ), Thermometer_ watch_ Yamada Mariya telephone card (one of the following), 2, 02,,, Health & Wellness
生さば 5匹, Fresh mackerel 5 fish, 20, 02,,, Fresh Food & Produce
甘酒6缶, 6 cans of sweet sake, 1, 02,,, Alcoholic Beverages
スパゲティギフトセット, Spaghetti gift set, 1, 02, 02, 3800, Food & Beverages (Packaged)
ロッテのガム (12個), Lotte gum (12 pieces), 1, 02,,, Food & Beverages (Packaged)
セーターまたは現金3万円~2千円, Sweater or cash 30_000-2_000 yen, 20, 02,,, Cash Prizes
賞金総額10万円・, Total prize money 100_000 yen, 10, 02,,, Cash Prizes
青汁&野菜ジュース(6本), Green juice & vegetable juice (6 bottles), 10, 02,,, Health & Wellness
モーターボート連合会・産ジャンパー, Motorboat Association - San jumper, 50, 02,,, Fashion & Accessories
モデルさん使用済パンティ(ひとみチャン), Models used panties (Hitomi-chan), 1, 02, 03, 1800, Collectibles & Memorabilia
モデルさん使用済パンティ(えみチャン), Models used panties (Emi-chan), 1, 02,,, Collectibles & Memorabilia
23区のポーチまたは現金2万円~3千円, 23 Wards pouch or cash 20_000-3_000 yen, 30, 02,,, Cash Prizes
健康センター「ゆめの鳥」オリジナルタオル, Health Center _Yume no Tori_ original towel, 50, 02,,, Home Appliances
温州みかん酒(6缶), Unshu mandarin liquor (6 cans), 162, 02, 03, 1200, Alcoholic Beverages
チョコレート, Chocolate, 220, 02,,, Food & Beverages (Packaged)
ホンダNSXまたは時計, Honda NSX or watch, 50, 02,,, Automotive & Vehicles
高級石鹸セット, Luxury soap set, 100, 02, 02, 5000, Beauty & Personal Care
明治野菜気分でヨーグルトー, Meiji vegetable-style yogurt, 50, 02,,, Food & Beverages (Packaged)
折りたたみ自転車, Folding bicycle, 50, 02, 03, 41800, Sports & Outdoor Equipment
東芝・炊飯ジャー・, Toshiba - Rice cooker, 50, 02,,, Home Appliances
栃木コシヒカリ「穂の香」(5kg), Tochigi Koshihikari _Honoka_ (5kg), 110, 02, 02, 2500, Japanese Specialty Foods
コシヒカリのアイス(12コ), Koshihikari ice cream (12 pieces), 50, 02,,, Food & Beverages (Packaged)
青森産りんご (5kg), Aomori apples (5kg), 50, 02,,, Fresh Food & Produce
栃木のいちご (4パック), Tochigi strawberries (4 packs), 150, 02, 03, 2400, Fresh Food & Produce
鳴戸のわかめ, Naruto wakame, 50, 02,,, Japanese Specialty Foods
ラーメン(12食), Ramen (12 servings), 50, 02,,, Food & Beverages (Packaged)
うどん(12食), Udon (12 servings), 100, 02,,, Food & Beverages (Packaged)
象印の鍋, Zojirushi hot pot, 50, 02,,, Kitchen & Cooking Supplies
生さば5匹, 5 fresh mackerel, 20, 02,,, Fresh Food & Produce
日産バルサー, Nissan Pulsar, 50, 02,,, Automotive & Vehicles
パワーマッキントッシュ, Power Macintosh, 2, 02,,, Electronics & Technology
イタリア旅行(6泊8日), Trip to Italy (6 nights_ 8 days), 2, 02,,, Travel & Tourism
アメリカ旅行 (4泊6日), Trip to the US (4 nights_ 6 days), 2, 02,,, Travel & Tourism
桐島屋旅館宿泊券(1名のみ), Kirishimaya Ryokan accommodation voucher (1 person only), 30, 02,,, Gift Certificates & Vouchers
スナック風漬物こんじり (10袋), Snack-style pickled konjiri (10 bags), 100, 02, 03, 3000, Japanese Specialty Foods
有明海苔(3袋), Ariake nori (3 bags), 2, 02,,, Japanese Specialty Foods
シャンプーセット, Shampoo set, 2, 02,,, Beauty & Personal Care
日清ヌードル(12食), Nissin noodles (12 servings), 110, 02,,, Food & Beverages (Packaged)
クッキー, Cookies, 110, 02,,, Food & Beverages (Packaged)
アーモンドー, Almond dough, 50, 02,,, Food & Beverages (Packaged)
ウニ風味のソース(2本), Sea urchin-flavored sauce (2 bottles), 50, 02,,, Food & Beverages (Packaged)
シューマイ, Shumai, 50, 02,,, Japanese Specialty Foods
タオル, Towels, 100, 02,,, Home Appliances
漬物詰め合わせ, Assorted pickles, 440, 02,,, Japanese Specialty Foods
オレンジジュース(24本), Orange juice (24 bottles), 50, 02,,, Food & Beverages (Packaged)
アンコウ鍋セット(3人前), Monkfish hot pot set (3 servings), 50, 02,,, Fresh Food & Produce
きじ鍋セット(4~5人前), Pheasant hot pot set (4-5 servings), 50, 02,,, Fresh Food & Produce
岩手県土料理「生ひっつみ」(4~6人前), Iwate Prefecture local dish _Raw hittsumi_ (4-6 servings), 50, 02,,, Japanese Specialty Foods
きりたんぽ (3人前), Kiritanpo (3 servings), 50, 02,,, Japanese Specialty Foods
南部鉄器・すき焼鍋, Nambu ironware sukiyaki pot, 50, 02,,, Kitchen & Cooking Supplies
牛ロース肉ステーキ用850g), Beef loin steak 850g), 50, 02,,, Fresh Food & Produce
さば寿し(3本), Mackerel sushi (3 pieces), 60, 02,,, Japanese Specialty Foods
あゆ寿し(6尾), Ayu sushi (6 fish), 30, 02,,, Japanese Specialty Foods
てこね寿司(5~7人分), Tekone sushi (5-7 servings), 30, 02,,, Japanese Specialty Foods
柿の葉ずし(さば10個、鮭10個), Kaki no ha sushi (10 mackerel_ 10 salmon), 30, 02,,, Japanese Specialty Foods
茶漬けセット(1.2g), Ochazuke set (1.2g), 30, 02,,, Japanese Specialty Foods
広島菜詰め合わせ (2.36kg), Hiroshima greens assortment (2.36kg), 30, 02,,, Fresh Food & Produce
納豆, Natto, 50, 02, 03, 1800, Japanese Specialty Foods
信州味噌(500g), Shinshu miso (500g), 30, 02,,, Japanese Specialty Foods
信州そば, Shinshu soba, 30, 02,,, Japanese Specialty Foods
「お菓子「かもめとビット」(8個), _Kamome and Bits_ sweets (8 pieces), 50, 02,,, Food & Beverages (Packaged)
「お菓子「かまくらカスター」(12個), _Kamakura Custard sweets_ (12 pieces), 50, 02,,, Food & Beverages (Packaged)
きつねうどん (12食), Kitsune udon (12 servings), 50, 02,,, Japanese Specialty Foods
かき揚げ天うどん(12食), Kakiage tempura udon (12 servings), 50, 02,,, Japanese Specialty Foods
健康飲料 「バランスジョイ」, Healthy drink _Balance Joy_, 50, 02,,, Health & Wellness
石鹸(1個), Soap (1 piece), 50, 02,,, Beauty & Personal Care
ハンドクリームセット, Hand cream set, 50, 02,,, Beauty & Personal Care
防火造(入選30万円、佳作2万円), Hakkenzo (selected 300_000 yen_ honorable mention 20_000 yen), 3, 02,,, Cash Prizes
ナイスシングルライブ, Nice single live, 1, 02,,, Tickets & Experiences
あむしまマリンパーク・アシカの名[訪万円分側), Amushima Marine Park - Name of the Sea Lion [10_000 yen visit side], 50, 02, 03, 4700, Tickets & Experiences
缶切り, Can opener, 50, 02,,, Kitchen & Cooking Supplies
イラストクイズ(賞金10万円、賞品多数), Illustration quiz (100_000 yen prize_ many prizes), 60, 02, 02, 2000, Cash Prizes
たまご酒(3本), Egg sake (3 bottles), 50, 02,,, Alcoholic Beverages
ワインサワー(赤3本、白3本), Wine sour (3 red_ 3 white), 100, 02,,, Alcoholic Beverages
グミ(グレープフルーツ味 10袋), Gummy candy (10 bags of grapefruit flavor), 50, 02,,, Food & Beverages (Packaged)
おかめのお豆セッ, Okame bean set, 50, 02, 03, 1530, Japanese Specialty Foods
ぬいぐるみとTシャツ, Plush toy and T-shirt, 50, 02,,, Collectibles & Memorabilia
帽子とTシャツ, Hat and T-shirt, 50, 02,,, Fashion & Accessories
馬場俊英のタオル, Baba Toshihide towel, 1, 02,,, Collectibles & Memorabilia
米沢牛スキヤキ肉 (500g), Yonezawa beef sukiyaki meat (500g), 1, 02,,, Fresh Food & Produce
めんたい味ドレッシング(1本), Mentaiko flavored dressing (1 bottle), 50, 02,,, Food & Beverages (Packaged)
カップうどん 「ぐっどん」(12食), Cup udon _Goodon_ (12 meals), 50, 02,,, Food & Beverages (Packaged)
エドウィンロゴ入りTシャツ, T-shirt with Edwin logo, 1, 02,,, Fashion & Accessories
生あわび生さざえ (各500g), Raw abalone and raw turban shell (500g each), 50, 02,,, Fresh Food & Produce
スモークサーモン (200g), Smoked salmon (200g), 50, 02,,, Food & Beverages (Packaged)
トヨタプリウス(他賞金もあり), Toyota Prius (other prizes also available), 20, 02,,, Automotive & Vehicles
ささみの燻製, Smoked chicken breast, 50, 02,,, Food & Beverages (Packaged)
和菓子, Japanese sweets, 100, 02,,, Japanese Specialty Foods
赤ワインキャンディ, Red wine candy, 50, 02,,, Food & Beverages (Packaged)
アニメヒーロー人形(コンドルのジョー), Anime hero doll (Condor Joe), 5, 02,,, Collectibles & Memorabilia
アニメヒーロー人形(大薫の麓), Anime hero doll (Okuno no Fumoto), 5, 02,,, Collectibles & Memorabilia
アニメヒーロー人形(力石徹), Anime hero doll (Chikaraishi Toru), 5, 02, 04, 9800, Collectibles & Memorabilia
モデルさん使用済パンティ (由美子チャン), Models used panties (Yumiko-chan), 1, 02,,, Collectibles & Memorabilia
日本女子体育大学Tシャツ, Japan Womens College of Physical Education T-shirt, 50, 02,,, Fashion & Accessories
電車でGO, Densha de Go, 5, 03, 03, 11600, Entertainment Media
サバイバルナイフ, Survival knife, 50, 03,,, Sports & Outdoor Equipment
バドワイザー (24), Budweiser (24), 1, 03,,, Alcoholic Beverages
たまご酒(3本), Egg sake (3 bottles), 50, 03,,, Alcoholic Beverages
笹かまぼこ詰め合わせ, Assorted bamboo-flavored fish cakes, 50, 03,,, Japanese Specialty Foods
ちくわ詰め合わせ, Assorted chikuwa, 50, 03,,, Japanese Specialty Foods
フライパン(直径14cm), Frying pan (14cm diameter), 50, 03,,, Kitchen & Cooking Supplies
はちみつ, Honey, 100, 03,,, Food & Beverages (Packaged)
チョコレート, Chocolate, 210, 03, 04, 2000, Food & Beverages (Packaged)
ラブラブラーメン, ■Love Love Ramen, 120, 03,,, Food & Beverages (Packaged)
ジグソーパズル(1_000ピース), Jigsaw puzzle (1_000 pieces), 10, 03,,, Entertainment Media
イラストクイズ(賞金総額35万円), Illustration quiz (total prize money 350_000 yen), 20, 03,,, Cash Prizes
カップラーメン (12食), Cup ramen (12 servings), 50, 03,,, Food & Beverages (Packaged)
ビスケット (400g), Biscuits (400g), 50, 03,,, Food & Beverages (Packaged)
米(1kg), Rice (1kg), 50, 03,,, Japanese Specialty Foods
クロスワードパズル(賞金総額25万円), Crossword puzzle (total prize money 250_000 yen), 10, 03,,, Cash Prizes
伊藤園俳句大賞, Itoen Haiku Grand Prize, 2, 03,,, Cash Prizes
醬油 (750g), Soy sauce (750g), 50, 03,,, Food & Beverages (Packaged)
吉四六清, Kichishirokusei, 50, 03,,, Japanese Specialty Foods
ポケモンデスクマット, Pokemon desk mat, 5, 03, 04, 3600, Entertainment Media
神戸牛モモ肉 (150g), Kobe beef thigh meat (150g), 50, 03,,, Fresh Food & Produce
カジキマグロ(カス漬け&みそ漬け), Marlin (pickled in kasu and miso), 50, 03,,, Japanese Specialty Foods
栃木のきゅうり, Tochigi cucumber, 50, 03,,, Fresh Food & Produce
「スポーン」 Tシャツ, _Spawn_ T-shirt, 50, 03,,, Fashion & Accessories
新宿300年委員会 Tシャツ, Shinjuku 300th Anniversary Committee T-shirt, 50, 03,,, Fashion & Accessories
ジャンボぬいぐるみ, Jumbo stuffed toy, 5, 03,,, Collectibles & Memorabilia
和菓子セット, Japanese sweets set, 50, 03,,, Japanese Specialty Foods
帽子, Hat, 50, 03,,, Fashion & Accessories
スカイラインGT-R(71年式), Skyline GT-R (1971 model), 50, 03,,, Automotive & Vehicles
トヨタプリウス, Toyota Prius, 100, 03,,, Automotive & Vehicles
マツダロードスター, Mazda Roadster, 50, 03,,, Automotive & Vehicles
香港旅行, Hong Kong trip, 50, 03,,, Travel & Tourism
広末涼子ノベルティ(クリアファイル), Hirosue Ryoko novelty (clear file), 5, 03,,, Collectibles & Memorabilia
広末涼子のフィギュアー, Hirosue Ryoko figure, 5, 03,,, Collectibles & Memorabilia
モデルさん使用済パンティ(さきちゃん), Models used panties (Saki-chan), 1, 03,,, Collectibles & Memorabilia
モデルさん使用済パンティ(はるかちゃん), Models used panties (Haruka-chan), 1, 03,,, Collectibles & Memorabilia
モデルさん使用済パンティ(かいりちゃん), Models used panties (Kairi-chan), 1, 03,,, Collectibles & Memorabilia
ブルマとTシャツ(レオナちゃん), Bloomers and T-shirt (Leona-chan), 1, 03,,, Fashion & Accessories
茶わんで丼ドン (中華、牛、親子、各5食), Rice bowl don (Chinese_ beef_ parent and child_ 5 meals each), 50, 03,,, Food & Beverages (Packaged)
モバイルコンピューター「カシオペア」, Mobile computer _Cassiopeia_, 50, 03,,, Electronics & Technology
タオルー, Tao Lo, 50, 03,,, Home Appliances
ハワイ旅行, Hawaii trip, 50, 03,,, Travel & Tourism
てんてんの一口ギョウザ (100個), Ten Tens bite-sized gyoza (100 pieces), 50, 03,,, Food & Beverages (Packaged)
NISSAN 「サファリ」, NISSAN _Safari_, 50, 03,,, Automotive & Vehicles
めんたいドレッシング, Mentaiko dressing, 50, 03,,, Food & Beverages (Packaged)
アルコール飲料「フーチ」 (6缶), Alcoholic drink _Fuchi_ (6 cans), 50, 03,,, Alcoholic Beverages
カレーのル, Curry no Ru, 50, 03,,, Food & Beverages (Packaged)
きつねうどん、かき揚げ天うどんセット, Kitsune udon_ kakiage tempura udon set, 50, 03,,, Food & Beverages (Packaged)
アニメヒーロー人形「デビルマン, Anime hero doll _Devilman_, 5, 03,,, Collectibles & Memorabilia
和菓子「かまくらカスター」(12個), Japanese sweets _Kamakura Custard_ (12 pieces), 50, 03,,, Japanese Specialty Foods
「タイタニック」 写真入りブック, _Titanic_ Photo book, 7, 03,,, Books & Educational
キティとミミィのぬいぐるみ, Hello Kitty and Mimmy stuffed toys, 5, 03,,, Collectibles & Memorabilia
アーモンドミックスナッツセット, Almond mixed nuts set, 50, 03,,, Food & Beverages (Packaged)
野菜ジュース, Vegetable juice, 100, 03,,, Food & Beverages (Packaged)
マグカップ, Mug, 50, 03, 05, 0, Kitchen & Cooking Supplies
竹の子(福岡産2本), Bamboo shoots (2 from Fukuoka), 50, 03,,, Fresh Food & Produce
日本海の魚詰め合わせ, Assorted fish from the Sea of ​​Japan, 50, 03,,, Fresh Food & Produce
現金100万円, 1 million yen in cash, 50, 03,,, Cash Prizes
現金50万円, 500_000 yen in cash, 50, 03,,, Cash Prizes
現金30万円, 300_000 yen in cash, 50, 03,,, Cash Prizes
ワイドテレビ, Wide-screen TV, 100, 03, 04, 22000, Electronics & Technology
ステレオ, Stereo, 50, 03,,, Electronics & Technology
プレイステーション, PlayStation, 70, 03,,, Electronics & Technology
イギリス旅行(4泊6日)またはビスケット, Trip to England (4 nights_ 6 days) or biscuits, 50, 03,,, Travel & Tourism
テレビデオ, TV/video, 1, 03,,, Electronics & Technology
FAX, Fax, 1, 03,,, Electronics & Technology
電子レンジー, Microwave, 1, 03,,, Home Appliances
MDコンポ, MD component, 1, 03,,, Electronics & Technology
冷威庫一, Refrigerator, 1, 03,,, Home Appliances
コーヒーメーカー, Coffee maker, 1, 03,,, Home Appliances
地球儀, Globe, 1, 03, 05, 9800, Books & Educational
天体望遠鏡, Telescope, 1, 03,,, Electronics & Technology
手持望遠鏡, Handheld telescope, 1, 03,,, Electronics & Technology
キティちゃんの鍋, Hello Kitty pot, 1, 03,,, Kitchen & Cooking Supplies
ドクター中松、頭においしい食品セット, Dr. Nakamatsu_ delicious food for your head set, 50, 03,,, Health & Wellness
野菜タンメン(12食), Vegetable tanmen (12 meals), 30, 03,,, Food & Beverages (Packaged)
カップ麺(12食), Cup noodles (12 meals), 30, 03,,, Food & Beverages (Packaged)
「きちみ製カレーめん (3個), Kichimi curry noodles (3 pieces), 50, 03,,, Food & Beverages (Packaged)
漬物6点セット, 6-piece pickle set, 50, 03,,, Japanese Specialty Foods
アルミの鍋(直径20cm), Aluminum pot (20cm diameter), 50, 03,,, Kitchen & Cooking Supplies
JAの米 「真球伝説」 (5kg), JA rice _Shinkyu Densetsu_ (5kg), 100, 03,,, Japanese Specialty Foods
栃木コシヒカリ「穂の香」 (5kg), Tochigi Koshihikari _Honoka_ (5kg), 100, 03,,, Japanese Specialty Foods
レブロンの口紅, Revlon lipstick, 1, 03,,, Beauty & Personal Care
「フルーツ缶詰(6缶), Canned fruit (6 cans), 100, 03,,, Food & Beverages (Packaged)
ナタデココヨーグルト(10個), Nata de coco yogurt (10 pieces), 100, 03,,, Food & Beverages (Packaged)
ツナカレー缶 (3缶), Tuna curry can (3 cans), 1, 03,,, Food & Beverages (Packaged)
MDプレイヤー, MD player, 51, 03,,, Electronics & Technology
ミッキーとミニーのバススポンジ, Mickey and Minnie bath sponge, 1, 03,,, Beauty & Personal Care
クロスワードクイズ(賞金総額25万円), Crossword quiz (total prize money 250_000 yen), 20, 03,,, Cash Prizes
しいたけ(300g), Shiitake mushrooms (300g), 50, 03,,, Fresh Food & Produce
リラックスチェアー, Relax chair, 1, 03,,, Home Appliances
サザンオールスターズ、旅行キット, Southern All Stars_ travel kit, 1, 03,,, Fashion & Accessories
ダイエットマシン, Diet machine, 1, 03,,, Health & Wellness
鮭の中骨スナック, Salmon backbone snack, 50, 03, 03, 350, Food & Beverages (Packaged)
「マッサージ券 (5_000円分), _Massage voucher (5_000 yen), 1, 03,,, Gift Certificates & Vouchers
ダイエット食品・ナチュラルビスキュイ(5個), Diet food_ natural biscuit (5 pieces), 50, 03,,, Health & Wellness
ズワイガニ (4ハイ), Snow crab (4 high), 50, 03,,, Fresh Food & Produce
三菱の自動車, Mitsubishi car, 50, 03,,, Automotive & Vehicles
シンガポール旅行(2泊4日), Singapore trip (2 nights_ 4 days), 1, 03,,, Travel & Tourism
バリ島旅行(3泊5日), Bali trip (3 nights_ 5 days), 1, 03,,, Travel & Tourism
「モルディブ島旅行 (4泊6日), _Maldives trip (4 nights_ 6 days), 1, 03,,, Travel & Tourism
MDウォークマン, MD Walkman, 1, 03,,, Electronics & Technology
Gショック, G-Shock, 1, 03,,, Fashion & Accessories
ビデオカメラ, Video camera, 20, 03,,, Electronics & Technology
チーズ詰め合わせ1, Cheese assortment 1, 100, 03,,, Food & Beverages (Packaged)
イスラエルのみかん, Israeli mandarins, 50, 03,,, Fresh Food & Produce
全員トンガリボウシ(新種のキャベツ), All tongari-boushi (a new type of cabbage), 50, 03,,, Fresh Food & Produce
黒豚焼豚(3本), Black pork roast pork (3 pieces), 50, 03,,, Food & Beverages (Packaged)
ルパン3世の皿, Lupin III plate, 1, 03,,, Collectibles & Memorabilia
豚みそ漬 (800g), Pork miso pickles (800g), 50, 03,,, Food & Beverages (Packaged)
アラのチリ鍋セット(5人前), Ara chili hot pot set (5 servings), 50, 03,,, Food & Beverages (Packaged)
日本全国郷土の味(20種類), Local flavors from all over Japan (20 types), 200, 03,,, Japanese Specialty Foods
備蓄米 (2kg), Stock rice (2kg), 100, 03,,, Food & Beverages (Packaged)
凍スパゲティ(12個), Frozen spaghetti, 5, 03,,, Food & Beverages (Packaged)
アルコール飲料「ザ・カクテルバー」「サクラフィズ」), Alcoholic drinks _The Cocktail Bar_ and _Sakura Fizz_), 5, 03,,, Alcoholic Beverages
「お菓子「一六タルト, Sweets _Ichiroku Tart_, 50, 03,,, Food & Beverages (Packaged)
パソコン、プリンタ、デジタルカメラ他, Computers_ printers_ digital cameras_ etc., 50, 03,,, Electronics & Technology
お子様うどん (6個), Childrens udon (6 pieces), 50, 03,,, Food & Beverages (Packaged)
くもんの学習国語辞典, Kumon learning Japanese dictionary, 5, 03,,, Books & Educational
フルーツ缶詰(6缶), Canned fruit (6 cans), 50, 03,,, Food & Beverages (Packaged)
オリーブドレッシング(2本), Olive dressing (2 bottles), 5, 03,,, Food & Beverages (Packaged)
掃除機, Vacuum cleaner, 5, 03,,, Home Appliances
毛剤(ダークブラックとオリーブブラウンとアップルレッド), Hair polish (dark black_ olive brown_ and apple red), 6, 03, 06, 2700, Beauty & Personal Care
ハーゲンダッツのアイス(12個), Häagen-Dazs ice cream (12 pieces), 50, 03,,, Food & Beverages (Packaged)
刺青シール (3枚), Tattoo stickers (3 sheets), 5, 03,,, Beauty & Personal Care
ヒゲ剃り (3枚刃), Shaver (3-blade), 5, 03,,, Beauty & Personal Care
あぶらとり紙 (300枚), Oil blotting paper (300 sheets), 5, 03,,, Beauty & Personal Care
D&D、使用済のフラフープー, D&D_ used hula hoop, 1, 03,,, Sports & Outdoor Equipment
十徳ナイフ, Jutoku knife, 51, 03,,, Kitchen & Cooking Supplies
広末涼子サイン色紙+カップメン(12食), Ryoko Hirosue autographed color paper + cup noodles (12 meals), 1, 03,,, Collectibles & Memorabilia
スズキ「セルポ」, Suzuki _Celpo_, 50, 03,,, Automotive & Vehicles
スズキ「ワゴンR」, Suzuki _Wagon R_, 100, 03,,, Automotive & Vehicles
スズキ「アルトワークス」, Suzuki _Alto Works_, 50, 03,,, Automotive & Vehicles
茶碗ときゅうす-, Rice bowls and teacups -, 1, 03,,, Kitchen & Cooking Supplies
手作りパン (11種セット), Homemade bread (11-item set), 50, 03,,, Food & Beverages (Packaged)
三輪車(ジェット機タイプ), Tricycle (jet plane type), 5, 03,,, Sports & Outdoor Equipment
牛皮製ハンドバッグ, Handbag made from cowhide, 5, 03,,, Fashion & Accessories
ボディソープ, Body soap, 5, 03,,, Beauty & Personal Care
トマトケチャップ、トマトソース、ホールトマト, Tomato ketchup_ tomato sauce_ whole tomatoes, 50, 03,,, Food & Beverages (Packaged)
ちらし寿司のたね, Sushi toppings, 20, 03,,, Japanese Specialty Foods
パンに塗るゴマクリーム(黒ゴマ、白ゴマ), Sesame cream for bread (black sesame_ white sesame), 20, 03,,, Food & Beverages (Packaged)
魚の一夜干しセット(9枚), Dried fish set (9 pieces), 50, 03,,, Japanese Specialty Foods
栃木のトマト (2kg), Tomatoes from Tochigi (2kg), 50, 03,,, Fresh Food & Produce
鋼で作ったハム, Ham made of steel, 50, 03,,, Collectibles & Memorabilia
発汗促進剤, Sweat enhancer, 50, 03,,, Health & Wellness
アニメヒーロー人形(ルパン三世), Anime hero doll (Lupin III), 5, 03,,, Collectibles & Memorabilia
アニメヒーロー人形(不動明TVバージョン), Anime hero doll (Fudo Akira TV version), 5, 03,,, Collectibles & Memorabilia
???一ロ一人射像、急敬太郎人セットで), ???One-man projection_ one-man set), 5, 03,,, 18. Collectibles & Memorabilia
サッポロポテト(3種セット)一, Sapporo potato (3-type set), 1, 03,,, 5. Food & Beverages (Packaged)
飲茶セット, Dim sum set, 50, 03, 04, 3000, 5. Food & Beverages (Packaged)
トーストセット, Toast set, 50, 03,,, 15. Kitchen & Cooking Supplies
ピアス(18K), Earrings (18K), 50, 03,,, 9. Fashion & Accessories
ポラロイドカメラR刑事コロンボの台本, Polaroid camera R Detective Columbo script, 1, 03,,, 18. Collectibles & Memorabilia
ベルサーチのサイフ, Versace wallet, 5, 03,,, 9. Fashion & Accessories
堂本光一、使用済のなべ・, Koichi Domoto_ used pot, 1, 03,,, 18. Collectibles & Memorabilia
大麦牛(ステーキ用850g), Barley beef (850g for steak), 50, 03, 03, 3000, 6. Fresh Food & Produce
ステーキ用フライパン, Steak frying pan, 50, 03,,, 15. Kitchen & Cooking Supplies
フォークとナイフセット, Fork and knife set, 50, 03, 05, 20000, 15. Kitchen & Cooking Supplies
辛子高菜, Mustard takana, 50, 03,,, 5. Food & Beverages (Packaged)
FAX, FAX, 50, 03,,, 3. Electronics & Technology
ハンディーマッサージ「スーパーフィットくん」, Handy massage _Super Fit-kun_, 60, 03,,, 16. Health & Wellness
浄水器, Water purifier, 50, 03,,, 10. Home Appliances
掃除機, Vacuum cleaner, 10, 03, 04, 16000, 10. Home Appliances
毛動画(オレンジブラウン、アップルメイド、ハニーブラウン), Hair video (orange brown_ apple maid_ honey brown), 51, 03,,, 13. Entertainment Media
化粧品セット(UVカット製品他), Cosmetics set (UV cut products_ etc.), 50, 03,,, 12. Beauty & Personal Care
ウィダーinゼリー(ポーチ付き), Weider in jelly (with pouch), 201, 03, 05, 1820, 16. Health & Wellness
ポテトチップスセットー 52通, Potato chips set - 52 letters, 52, 03,,, 5. Food & Beverages (Packaged)
ストッキング(3点セット)・, Stockings (3-piece set), 5, 03,,, 9. Fashion & Accessories
栄養シリアル「イートシステム」, Nutritional cereal _Eat System_, 50, 03,,, 16. Health & Wellness
歯みがきセット, Toothbrush set, 50, 03, 04, 400, 12. Beauty & Personal Care
本「黄金ボキャブラ天国」, Book _Golden Vocabulary Heaven_, 1, 03,,, 14. Books & Educational
ギョーザ (100個), Gyoza (100 pieces), 50, 03,,, 5. Food & Beverages (Packaged)
MGのウォッチ, MG watch, 60, 03,,, 9. Fashion & Accessories
玄米かゆセット, Brown rice porridge set, 50, 03,,, 5. Food & Beverages (Packaged)
フルーツトマト, Fruit tomato, 50, 03,,, 6. Fresh Food & Produce
牛タン (塩とみそ漬け), Beef tongue (salted and miso-pickled), 50, 03,,, 5. Food & Beverages (Packaged)
栃木のうど, Tochigi udo, 50, 03,,, 6. Fresh Food & Produce
アンキモ, Ankimo, 50, 03,,, 19. Japanese Specialty Foods
広末涼子のバッグ-, Hirosue Ryokos bag, 5, 03,,, 18. Collectibles & Memorabilia
日産「ウイングロード」, Nissan _Wingroad_, 30, 03,,, 8. Automotive & Vehicles
「おれは男だ!」 目覚し時計, _Im a man!_ Alarm clock, 1, 03,,, 10. Home Appliances
日産「ウイングロード」, Nissan _Wingroad_, 30, 04,,, 8. Automotive & Vehicles
商品券 (10万円分) OR液晶小型テレビ, Gift certificate (100_000 yen) OR LCD small TV, 50, 04,,, 2. Gift Certificates & Vouchers
カップメン, Cup noodles, 100, 04,,, 5. Food & Beverages (Packaged)
豪華客船10日間の旅, 10-day luxury cruise, 1, 04,,, 4. Travel & Tourism
ハワイ旅行, Trip to Hawaii, 1, 04,,, 4. Travel & Tourism
ナタデココヨーグルト(10個), Nata de coco yogurt (10 pieces), 50, 04,,, 5. Food & Beverages (Packaged)
納豆, Natto, 50, 04, 05, 1800, 19. Japanese Specialty Foods
鍋 (直径20cm), Hot pot (20cm diameter), 100, 04,,Kitchen & Cooking Supplies
ウィダーinゼリー, Wheyder in jelly, 100, 04,,Health & Wellness
テディベアのぬいぐるみ, Teddy bear, 5, 04,,Collectibles & Memorabilia
ポテトチップスセット, Potato chips set, 50, 04,,Food & Beverages (Packaged)
アルゼンチンタンゴ日本公演チケット, Argentine tango performance ticket in Japan, 1, 04,,Tickets & Experiences
足ふみマッサージ体験チケット, Foot massage experience ticket, 1, 04,,Tickets & Experiences
スチームカーラー, Steam curler, 10, 04,,Beauty & Personal Care
BMWLOFアメリカOAギフトカード(10万円分), BMW LOF America OA gift card (100_000 yen), 50, 04,,Gift Certificates & Vouchers
チョコレート, Chocolate, 100, 04,,Food & Beverages (Packaged)
ビジネスシューズ, Business shoes, 10, 04, 05, 19800,Fashion & Accessories
歯みがきセット, Toothbrush set, 157, 04,,Beauty & Personal Care
腕時計, Watch, 40, 04,,Fashion & Accessories
CDプレイヤー, CD player, 40, 04,,Electronics & Technology
ゴジラおしゃべり目覚し時計, Godzilla talking alarm clock, 40, 04,,Collectibles & Memorabilia
低カロリーレトルト食品(シチュー、肉じゃが, Low-calorie retort food (stew_ nikujaga (beef and potatoes), 50, 04,,Food & Beverages (Packaged)
和菓子「かまくらカスター」, Japanese sweets _Kamakura Custard_, 50, 04,,Japanese Specialty Foods
京風あぶらとり紙, Kyoto-style oil blotting paper, 5, 04,,Beauty & Personal Care
生スパゲティ「ババリア｣, Fresh spaghetti _Bavaria_, 50, 04,,Food & Beverages (Packaged)
掃除機, Vacuum cleaner, 100, 04,,Home Appliances
トマトジュース(8リットル), Tomato juice (8 liters), 50, 04,,Food & Beverages (Packaged)
栃木コシヒカリ「穂の香」 (5kg), Tochigi Koshihikari _Honoka_ (5kg), 50, 04,,Japanese Specialty Foods
海の幸セット, Seafood set, 150, 04,,Fresh Food & Produce
松葉ガニ, Snow crab, 50, 04,,Fresh Food & Produce
食器セット, Tableware set, 50, 04,,Kitchen & Cooking Supplies
化粧品セット(マニキュア他), Cosmetics set (nail polish_ etc.), 50, 04, 05, 25000,Beauty & Personal Care
バランス栄養食「ハニックス・33バランス」, Balanced nutritional food _Hanix 33 Balance_, 50, 04,,Health & Wellness
合鴨肉, Duck meat, 50, 04, 06, 3500,Fresh Food & Produce
図書券 (3_000円分), Book voucher (3_000 yen), 10, 04,,Gift Certificates & Vouchers
おかき詰め合わせ, Assorted rice crackers, 50, 04,,Japanese Specialty Foods
納豆ゼリー, Natto jelly, 50, 04,,Japanese Specialty Foods
アイスクリーム, Ice cream, 100, 04,,Food & Beverages (Packaged)
飲茶セット, Dim sum set, 100, 04,,Food & Beverages (Packaged)
高級のり, High-quality seaweed, 150, 04, 06, 5000,Japanese Specialty Foods
名探偵コナンのセル画, Cell drawings of Detective Conan, 1, 04,,Collectibles & Memorabilia
みそとしょうゆ他, Miso and soy sauce_ etc., 480, 04,,Japanese Specialty Foods
たまごスープ, Egg soup, 50, 04,,Food & Beverages (Packaged)
抗菌ソックス, Antibacterial socks, 1, 04,,Fashion & Accessories
本「主義のイタリアン101店」「あこがれの和食店」, Books _101 Italian restaurants of the principle_ and _Dream Japanese restaurants_, 1, 04,,Books & Educational
本「メイクの真実」, Book _The truth about makeup_, 1, 04,,Books & Educational
生ハムー, Prosciutto, 50, 04,,Fresh Food & Produce
いちご, Strawberries, 100, 04,,Fresh Food & Produce
スイカ, Watermelon, 50, 04, 08, 1000,Fresh Food & Produce
プレイステーション, PlayStation, 1, 04,,Electronics & Technology
NINTENDO64+野球ゲームソフト, Nintendo 64+ baseball game software, 1, 04,,Electronics & Technology
反町隆史テレカ, Takashi Sorimachi telephone card, 1, 04,,Collectibles & Memorabilia
広末涼子テレカ, Ryoko Hirosue telephone card, 10, 04,,Collectibles & Memorabilia
山川豊テレカ, Yutaka Yamakawa telephone card, 1, 04,,Collectibles & Memorabilia
坂本冬美テレカ, Fuyumi Sakamoto telephone card, 1, 04,,Collectibles & Memorabilia
トヨタ「ハリアー」, Toyota _Harrier_, 1, 04,,Automotive & Vehicles
電子手帳 「モバイルZ」, Electronic organizer _Mobile Z_, 50, 04,,Electronics & Technology
ネスカフェギフトセット, Nescafe gift set, 5, 04,,Food & Beverages (Packaged)
ロッテのガム, Lotte gum, 50, 04,,Food & Beverages (Packaged)
净水器, Water purifier, 50, 04, 05, 15000,Home Appliances
ティッシュペーパー, Tissue paper, 100, 04,,Health & Wellness
テニスシューズ, Tennis shoes, 50, 04,,Sports & Outdoor Equipment
英会話レッスンチケット, English conversation lesson ticket, 1, 04, 05, 10000,Tickets & Experiences
ポラロイドカメラ, Polaroid camera, 50, 04,,Electronics & Technology
ハンドバッグ, Handbag, 50, 04,,Fashion & Accessories
香水「フェラーリコロンウォーター」, Ferrari Cologne Water perfume, 10, 04,,Beauty & Personal Care
香水「フェンディファンタジア」, Fendi Fantasia perfume, 10, 04,,Beauty & Personal Care
ドラえもんトースター, Doraemon toaster, 1, 04,,Home Appliances
広末涼子ポスター, Hirosue Ryoko poster, 20, 04,,Collectibles & Memorabilia
広末涼子使用済フォトフレーム, Hirosue Ryoko used photo frame, 1, 04,,Collectibles & Memorabilia
脱毛ビデオ, Hair removal video, 1, 04,,Entertainment Media
ダイヤの指輪, Diamond ring, 50, 04,,Fashion & Accessories
パン粉、食用油、 天ぷら粉, Bread crumbs_ cooking oil_ tempura flour, 50, 04,,Food & Beverages (Packaged)
博多ラーメン, Hakata ramen, 50, 04,,Japanese Specialty Foods
焼き豚, Roasted pork, 50, 04,,Fresh Food & Produce
ロブスター, Lobster, 50, 04, 04, 15800,Fresh Food & Produce
現金100万円他, 1 million yen in cash, 100, 04,,Cash Prizes
「玄米がゆセット, Brown rice porridge set, 50, 04,,Japanese Specialty Foods
コーヒーメーカー, Coffee maker, 50, 04,,Home Appliances
北京ダック料理店「全紅華」お食事券, Peking duck restaurant _Zenkouka_ meal ticket, 10, 04,,Gift Certificates & Vouchers
東料理店「廣州」お食事券, Eastern restaurant _Kwangshu_ meal ticket, 50, 04,,Gift Certificates & Vouchers
マッサージ機「ビブラ」, Massage machine _Vibra_, 10, 04,,Health & Wellness
FAX電話機, Fax phone, 1, 04,,Electronics & Technology
パスタ詰め合わせ, Pasta assortment, 160, 04,,Food & Beverages (Packaged)
フェンディのポーチ, Fendi pouch, 50, 04,,Fashion & Accessories
フェンディの財布, Fendi wallet, 50, 04,,Fashion & Accessories
ハヤシライスのルー(6食分), Hayashi rice roux (6 servings), 50, 04,,Food & Beverages (Packaged)
ダイハツ「ストーリアOR現金(万円側), Daihatsu _Storia_ OR cash (10_000 yen side), 90, 04,,Automotive & Vehicles
スバル「ビストロ」, Subaru _Bistro_, 50, 04,,Automotive & Vehicles
日産「ルネッサ」 OR ラスベガスの旅 (日間), Nissan _Rnessa_ OR Las Vegas trip (Days), 50, 04,,Travel & Tourism
チーズの詰め合わせ, Assorted cheeses, 50, 04,,Food & Beverages (Packaged)
ポテトチップス詰め合わせ, Assorted potato chips, 51, 04,,Food & Beverages (Packaged)
リラックスチェアー(段階リクライニング式), Relax chair (step-recline type), 1, 04,,Home Appliances
レストラン「サバンクール」ディナー券, Restaurant _Sabancool_ dinner ticket, 1, 04,,Gift Certificates & Vouchers
ゲームソフト「バイオハザード」 PS版, Game software _Resident Evil_ PS version, 1, 04,,Entertainment Media
豊島園(入園券と乗り物券), Toshimaen (admission ticket and ride ticket), 1, 04,,Tickets & Experiences
健康食品「ヘルシーバランス」, Healthy Balance health food, 5, 04,,Health & Wellness
水前寺满子 新宿口公園入場券, Suizenji Manshi Shinjuku Gate Park admission ticket, 1, 04,,Tickets & Experiences
ワイルドブルーヨコハマチケット, Wild Blue Yokohama ticket, 1, 04,,Tickets & Experiences
東京ジョイポリスパスポート, Tokyo Joypolis passport, 1, 04,,Tickets & Experiences
中華料理店「東天紅」食事券, Chinese restaurant _Toh Tian Kou_ meal ticket, 1, 04,,Gift Certificates & Vouchers
モスラのたまごっち, Mothra Tamagotchi, 1, 04,,Electronics & Technology
ヘッドホンカセットプレーヤー「ショックマン」, Headphone cassette player _Shockman_, 1, 04,,Electronics & Technology
「LUNA SEA」特製コンパクトミラー, _LUNA SEA_ special compact mirror, 1, 04,,Collectibles & Memorabilia
ギョーザ (50個), Gyoza (50 pieces), 50, 04,,Japanese Specialty Foods
ゲームソフト「アトラス・レプス」 (PS用), Game software _Atlas Reps_ (PS version), 50, 04,,Entertainment Media
仏ワールドカップ観戦チケット, France World Cup tickets, 1, 04,,Tickets & Experiences
つくばワンワンランドチケット, Tsukuba Wanwan Land tickets, 1, 04,,Tickets & Experiences
ハムギフトセット, Ham gift set, 50, 04,,Food & Beverages (Packaged)
豚肉味噌漬, Pork marinated in miso, 50, 04,,,Japanese Specialty Foods
万能鍋, All-purpose pot, 50, 04,,,Kitchen & Cooking Supplies
虎の置物, Tiger figurine, 1, 04,,,Collectibles & Memorabilia
CD-ROM「アートオブマリック1」, CD-ROM _Art of Maric 1_, 1, 04,,,Entertainment Media
幸運のシルバーペンダント, Lucky silver pendant, 1, 04,,,Fashion & Accessories
炎のカップヌードルー, Flame cup noodle roux, 50, 04,,,Food & Beverages (Packaged)
調理鍋, Cooking pot, 50, 04,,,Kitchen & Cooking Supplies
現金300万円, 3 million yen in cash, 50, 04,,,Cash Prizes
ファイバーゼリー, Fiber jelly, 5, 04,,,Food & Beverages (Packaged)
豆乳, Soy milk, 5, 04,,,Food & Beverages (Packaged)
大麦牛, Barley beef, 50, 04,,,Fresh Food & Produce
水ようかん詰め合わせー, Mizu yokan assortment, 50, 04,,,Japanese Specialty Foods
アイスクリームー, Ice cream, 50, 04,,,Food & Beverages (Packaged)
アントニオ猪木「写真集」, Antonio Inoki _Photo book_, 1, 04,,,Books & Educational
広末涼子使用済ペンボーチ, Hirosue Ryoko used pen broth, 1, 04,,,Collectibles & Memorabilia
育毛剤CTP, Hair growth agent CTP, 1, 04,,,Health & Wellness
干物詰め合わせ, Assortment of dried fish, 50, 04,,,Japanese Specialty Foods
サーロインステーキ肉, Sirloin steak meat, 50, 04,,,Fresh Food & Produce
栃木のトマト, Tochigi tomatoes, 50, 04, 04, 2500,Fresh Food & Produce
ドッグフードー - Nama, Dog food (raw), 225, 04, 05, 3700,Pet Supplies
ドッグフードー - Dry, Dog food (dry), ?, 04, 05, 6400,Pet Supplies
キャットフード, Cat food, 25, 04,,,Pet Supplies
高級腕時計, Luxury watch, 72, 05,,,Fashion & Accessories
キティちゃんのOR ピンクパンサーの通, Hello Kitty OR Pink Panther, 1, 05,,,Collectibles & Memorabilia
電動シェーバー, Electric shaver, 2, 05,,,Beauty & Personal Care
納豆, Natto, 50, 05,,,Japanese Specialty Foods
ダイハツ「ストーリア」OR現金(10万円他), Daihatsu _Storia_ OR cash (100_000 yen or more), 30, 05,,,Automotive & Vehicles
ポテトスナック菓子, Potato snacks, 221, 05,,,Food & Beverages (Packaged)
ゲームソフト「エヴァンゲリオン」, Game software _Evangelion_, 1, 05,,,Entertainment Media
ディカプリオ写真集, DiCaprio photo book, 1, 05,,,Books & Educational
ビデオ JUNONBOY 「雑菌俊明」「根本最大」, Video JUNONBOY _Zakkin Shunmyo_ _Nemoto Saikyo_, 2, 05,,,Entertainment Media
広末涼子フィギュア, Hirosue Ryoko figure, 1, 05,,,Collectibles & Memorabilia
広末涼子ノベルティバッグ, Hirosue Ryoko novelty bag, 1, 05,,,Collectibles & Memorabilia
シャ乱 オリジナル鏡, Sharan original mirror, 1, 05,,,Home Appliances
クッキーセット, Cookie set, 50, 05,,,Food & Beverages (Packaged)
コンニャクスパゲティ, Konjac spaghetti, 50, 05,,,Japanese Specialty Foods
柏餅セット, Kashiwamochi set, 50, 05,,,Japanese Specialty Foods
富士通パソコン, Fujitsu computer, 30, 05,,,Electronics & Technology
パナソニックDVDプレーヤー, Panasonic DVD player, 20, 05,,,Electronics & Technology
東芝ワイドテレビ, Toshiba wide TV, 20, 05,,,Electronics & Technology
ケンウッドMDコンポ, Kenwood MD component, 20, 05,,,Electronics & Technology
ソニーコードレス電話, Sony cordless phone, 20, 05,,,Electronics & Technology
IBMノートパソコン, IBM notebook computer, 20, 05,,,Electronics & Technology
日立 電子手帳, Hitachi electronic organizer, 20, 05,,,Electronics & Technology
NTTドコモ電子手帳, NTT Docomo electronic organizer, 20, 05,,,Electronics & Technology
プラダリュック, Prada backpack, 1, 05,,,Fashion & Accessories
高級洋食器セット, Luxury Western tableware set, 450, 05,,,Kitchen & Cooking Supplies
ステーキ肉, Steak meat, 50, 05,,,Fresh Food & Produce
焼き海苔セット, Roasted seaweed set, 1, 05,,,Japanese Specialty Foods
百科辞典 OR ネクタイ, Encyclopedia OR tie, 1, 05,,,Books & Educational
うなぎの蒲焼き, Grilled eel, 50, 05,,,Japanese Specialty Foods
牛ロース肉の西京焼, Beef loin saikyoyaki, 50, 05,,,Fresh Food & Produce
ビデオ「ワキガ治療法」, Video _Armpit odor treatment_, 1, 05, 07, 3000,Health & Wellness
カップ, Cup, 124, 05,,,Kitchen & Cooking Supplies
くず餅, Kudzu mochi, 50, 05,,,Japanese Specialty Foods
カミソリ シェービングクリーム, Razor shaving cream, 51, 05,,,Beauty & Personal Care
仏ワールドカップ観戦ツアー, France World Cup viewing tour, 151, 05,,,Travel & Tourism
地中海旅行 (7日間) OAエプロン, Mediterranean trip (7 days) OA apron, 50, 05,,,Travel & Tourism
東京-札幌往復航空券, Tokyo-Sapporo round-trip air ticket, 20, 05,,,Travel & Tourism
ガンダム&キン肉マンのオモチャ, Gundam & Kinnikuman toys, 1, 05,,,Collectibles & Memorabilia
日本海の魚詰合わせ, Assorted fish from the Sea of ​​Japan, 50, 05,,,Fresh Food & Produce
真鍋一匹, Manabe Ippi, 50, 05,,,Collectibles & Memorabilia
ドッグフード各種, Various dog foods, 50, 05,,,Pet Supplies
象印・押すだけポット 「きゅうす」, Zojirushi Press-only pot _Kyuusu_, 5, 05, 06, 5000,Kitchen & Cooking Supplies
ムワールドカップ記念ツアーDRデジタルビデオカメラ, World Cup commemorative tour DR digital video camera, 101, 05,,,Electronics & Technology
N.Y.ワシントンの旅 (88) OR ふとん, New York Washington trip (88) OR futon, 50, 05,,,Travel & Tourism
タイ・エステの劇(8日OA セリーヌバックCA セリーヌ売, Thai beauty salon drama (8th broadcast Celine bag CA Celine sales, 50, 05,,,Travel & Tourism
日産「キューブ」, Nissan _Cube_, 50, 05,,,Automotive & Vehicles
ダイハツ「ミラ」, Daihatsu _Mira_, 50, 05,,,Automotive & Vehicles
ダイヤのネックレス(120万円), Diamond necklace (1.2 million yen), 10, 05,,,Fashion & Accessories
コクヨの机とイス, Kokuyo desk and chair, 20, 05, 06, 99800,Home Appliances
スプーンセット, Spoon set, 10, 05,,,Kitchen & Cooking Supplies
野菜ジュース, Vegetable juice, 16, 05,,,Food & Beverages (Packaged)
東京湾クルージング招待券, Tokyo Bay cruise invitation ticket, 5, 05,,,Tickets & Experiences
栄養ドリンク「グロンサン」, Nutritional drink _Gronsan_, 60, 05,,,Health & Wellness
ペンダント(ムーンストーンORブルートパーズ), Pendant (moonstone OR blue topaz), 20, 05,,,Fashion & Accessories
電子レンジー, Microwave oven, 50, 05,,,Home Appliances
ゲームソフト「クレイマン・クレイマン」 PS, Game software _Clayman Clayman_ PS, 1, 05,,,Entertainment Media
ゲームソフト「MYST」 PS版, Game software _MYST_ PS version, 1, 05,,,Entertainment Media
チーズの詰め合わせ, Assorted cheeses, 50, 05,,,Food & Beverages (Packaged)
ビデオ「ロミオとジュリエット」, Video _Romeo and Juliet_, 1, 05,,,Entertainment Media
ナタデココヨーグルト, Natadecoco yogurt, 50, 05,,,Food & Beverages (Packaged)
焼そば 「UFO」, Yakisoba _UFO_, 50, 05,,,Food & Beverages (Packaged)
Power Mac OR GATE WAY2000-100L, Power Mac OR GATE WAY2000-100L, 100, 05,,,Electronics & Technology
日産「マーチ」購入資金50万円, 500_000 yen to buy a Nissan March, 5, 05,,,Cash Prizes
UCギフトカード1万円分, 10_000 yen worth of UC gift cards, 1, 05,,,Gift Certificates & Vouchers
イタリアンレストラン「カ・テル・ボスコ」 食事券, Catel Bosco Italian restaurant meal tickets, 5, 05,,,Gift Certificates & Vouchers
広東料理店「廣州」食事券, Guangzhou Cantonese restaurant meal tickets, 5, 05,,,Gift Certificates & Vouchers
ヨーグルト飲料, Yogurt drinks, 55, 05,,,Food & Beverages (Packaged)
チョコレート, Chocolate, 200, 05,,,Food & Beverages (Packaged)
JAL 香港往復航空券, JAL round trip Hong Kong air ticket, 10, 05,,,Travel & Tourism
アルプス電気プリンタ, Alps Electric printer, 10, 05,,,Electronics & Technology
ダイハツ「MOVE」, Daihatsu MOVE, 20, 05,,,Automotive & Vehicles
東芝ノートパソコン, Toshiba laptop, 20, 05,,,Electronics & Technology
日立ワイドテレビ32型, Hitachi 32-inch widescreen TV, 20, 05,,,Electronics & Technology
フィジー・マナ島の旅(5日間), Trip to Mana Island_ Fiji (5 days), 20, 05,,,Travel & Tourism
うどん詰め合わせ, Udon noodle assortment, 60, 05,,,Japanese Specialty Foods
ピクター ミニコンポ, Pictor mini component system, 1, 05,,,Electronics & Technology
温泉宿泊券, Hot spring accommodation tickets, 3, 05,,,Tickets & Experiences
ホンダ「Dio」, Honda Dio, 40, 05,,,Automotive & Vehicles
ケンウッド MDステレオー, Kenwood MD stereo, 10, 05,,,Electronics & Technology
シチズン腕時計, Citizen wristwatch, 40, 05,,,Fashion & Accessories
ニュージーランドの旅 (6日間), Trip to New Zealand (6 days), 10, 05,,,Travel & Tourism
トヨタ「スパシオ」, Toyota Spacio, 10, 05,,,Automotive & Vehicles
ハワイ OR N.Y.の旅, Trip to Hawaii OR N.Y., 20, 05,,,Travel & Tourism
相田みつをの本「生きていてよかった」, Mitsuo Aidas book _Im glad to be alive_, 1, 05,,,Books & Educational
本 「物凄い精力剤を見つけた!」, Book _I found an amazing aphrodisiac!_, 1, 05,,,Books & Educational
シリアル食品セット, Cereal food set, 1, 05,,,Food & Beverages (Packaged)
そば詰め合わせ, Soba noodle assortment, 50, 05,,,Japanese Specialty Foods
さくらんぼ, Cherries, 100, 05,,,Fresh Food & Produce
栃木コシヒカリ「穂の香」 5kg, Tochigi Koshihikari _Honoka_ 5kg, 360, 05,,,Fresh Food & Produce
まな板と包丁, Chopping board and knife, 1, 05,,,Kitchen & Cooking Supplies
鍋 (直径18cm), Pot (18cm diameter), 50, 05,,,Kitchen & Cooking Supplies
干物詰め合わせ, Assorted dried fish, 100, 05,,,Japanese Specialty Foods
チリ産ぶどう, Grapes from Chile, 150, 05,,,Fresh Food & Produce
リュックサック, Backpack, 1, 05,,,Fashion & Accessories
アラスカ・オーロラ体験ツアー0A腕時計, Alaska Aurora Experience Tour, 50, 05,,,Travel & Tourism
??? LAB ラスベガス旅行587BDA り, ??? LAB Las Vegas trip, 50, 05,,,Travel & Tourism
ハワイ旅行 4泊6日 OR アイスクリーム, Hawaii trip 4 nights 6 days or ice cream, 50, 05,,,Travel & Tourism
パフィーのスニーカー (23.5cm), Puffy sneakers (23.5cm), 1, 05,,,Fashion & Accessories
フィーのサイン入り写真シースサイン, Phis autographed photo sheath autograph, 1, 05,,,Collectibles & Memorabilia
日産「ルキノ」, Nissan _Lucino_, 20, 05,,,Automotive & Vehicles
ルノー 「メガーヌ・セニック」, Renault _Megane Scenic_, 50, 05,,,Automotive & Vehicles
桃のジュースー, Peach juice, 5, 05,,,Food & Beverages (Packaged)
寝顔美人マクラ, Beautiful sleeping face pillow, 5, 05,,,Home Appliances
エステサロン優待券, Beauty salon coupon, 5, 05,,,Gift Certificates & Vouchers
ざくろ果実のジュース, Pomegranate juice, 5, 05,,,Food & Beverages (Packaged)
クイーンアリス大使(1万6000円分), Queen Alice Ambassador (worth 16_000 yen), 5, 05,,,Gift Certificates & Vouchers
ハローキティー特製トースター, Hello Kitty special toaster, 5, 05,,,Home Appliances
後楽園ゆうえんちチケット, Korakuen Amusement Park ticket, 5, 05,,,Tickets & Experiences
あんみつセット, Anmitsu set, 105, 05,,,Japanese Specialty Foods
??? ALBA SPCON」OR「G-shock」-, ??? ALBA SPCON_ OR _G-shock_, 7, 05,,,Fashion & Accessories
モデルガン, Model gun, 5, 05,,,Collectibles & Memorabilia
洗顔フォーム&バック・, Facial cleanser & bag, 5, 05,,,Beauty & Personal Care
アメリカ旅行(大リーグ観戦&ハリウッド) 20通, 20 US trips (watching major league games & Hollywood), 20, 05,,,Travel & Tourism
ラスベガス旅行3泊5日, 3 nights 5 days Las Vegas trip, 5, 05,,,Travel & Tourism
フィギュア 岡部幸雄 騎手, Figure Yukio Okabe Jockey, 1, 05,,,Collectibles & Memorabilia
洋菓子, Western sweets, 120, 05,,,Food & Beverages (Packaged)
和菓子, Japanese sweets, 450, 05,,,Japanese Specialty Foods
エメラルドの指輪, Emerald ring, 1, 05,,,Fashion & Accessories
婦入靴, Womens shoes, 1, 05,,,Fashion & Accessories
ポータブルCDプレイヤー, Portable CD player, 2, 05,,,Electronics & Technology
サングラス, Sunglasses, 21, 05,,,Fashion & Accessories
漬物詰め合わせ, Assorted pickles, 50, 05,,,Japanese Specialty Foods
ローストビーフ, Roast beef, 50, 05,,,Fresh Food & Produce
栃木トマト 「桃太郎」, Tochigi tomatoes _Momotaro_, 50, 05,,,Fresh Food & Produce
らっきょう漬け, Pickled radishes, 50, 05,,,Japanese Specialty Foods
バッグ, Bag, 1, 05,,,Fashion & Accessories
リコー懐中時計, Ricoh pocket watch, 5, 05,,,Fashion & Accessories
ブルーベリーの缶詰, Canned blueberries, 5, 05,,,Food & Beverages (Packaged)
藥用膏劑, Medicinal ointment, 6, 05,,,Health & Wellness
パナソニックMDプレーヤー, Panasonic MD player, 1, 05,,,Electronics & Technology
野球ゲーム (PS用), Baseball game (for PS), 1, 05,,,Entertainment Media
シャスナノベルティグッズ(ブラシ&調), Chuss Novelty goods (brushes & tones), 1, 05,,,Collectibles & Memorabilia
ポラロイドカメラ&フィルム, Polaroid camera & film, 20, 05,,,Electronics & Technology
NINTENDO64 & 野球ゲームソフト, Nintendo 64 & baseball game software, 20, 05,,,Electronics & Technology
シルバー製ペンダント、ピアス、ブレスレット, Silver pendants_ earrings_ bracelets, 20, 05,,,Fashion & Accessories
時計ベビーG OR データバンク他, Watches BabyG OR Data Bank_ etc., 22, 05,,,Fashion & Accessories
長山洋子コマ劇場公演チケット, Yoko Nagayama Koma Theater performance tickets, 1, 05,,,Tickets & Experiences
ダイエット食品, Diet foods, 150, 05, 05, 2640,Health & Wellness
ハーブ栽培セット, Herb cultivation set, 1, 05,,,Home Appliances
スニーカー (22cm~25cm), Sneakers (22cm~25cm), 1, 05,,,Fashion & Accessories
オレンジ&マンゴジュース, Orange & mango juice, 5, 05,,,Food & Beverages (Packaged)
東京ディズニーランド 15周年記念CD・, Tokyo Disneyland 15th anniversary CD, 1, 05,,,Entertainment Media
ミッキーマウスのビデオ5作品セット・, Mickey Mouse video set of 5, 1, 05,,,Entertainment Media
LUNA SEAの鏡, LUNA SEAs mirror, 1, 05,,,Collectibles & Memorabilia
フィギュア「サンダーバード」8体セット, Thunderbirds figure set of 8, 1, 05,,,Collectibles & Memorabilia
マツダ「ロードスター」, Mazda Roadster, 50, 05,,,Automotive & Vehicles
三菱「パジェロ」-, Mitsubishi Pajero -, 50, 05,,,Automotive & Vehicles
ローバー「ミニクーパー」, Mini Cooper Rover, 50, 05,,,Automotive & Vehicles
フィギュア「ゴレンジャー」OR「ターミネーター」 20, Goranger OR Terminator figure 20, 20, 05,,,Collectibles & Memorabilia
タラコ, Tarako, 50, 05,,,Japanese Specialty Foods
カステラ詰め合わせ, Assorted castella cakes, 50, 05,,,Japanese Specialty Foods
フルーツ&野菜ミックスジュース 50通, 50 pieces of mixed fruit and vegetable juice, 50, 05,,,Food & Beverages (Packaged)
カシオ電子手帳, Casio electronic organizer, 1, 05,,,Electronics & Technology
肩こり用湿布, Compress for stiff shoulders, 5, 05,,,Health & Wellness
ゲームソフト「G・ダライアス」 (PS用), Game software _G. Darius_ (PS), 1, 05,,,Entertainment Media
カーオーディオ, Car audio, 1, 05,,,Automotive & Vehicles
冷 麺, Cold noodles, 50, 05,,,Japanese Specialty Foods
ゼリー詰め合わせ, Assorted jellies, 50, 05,,,Food & Beverages (Packaged)
栃木のキュウリ(5kg), Tochigi cucumbers (5kg), 50, 05,,,Fresh Food & Produce
和菓子 「川越よふね」, Japanese sweets _Kawagoe Yofune_, 50, 05,,,Japanese Specialty Foods
双眼鏡, Binoculars, 50, 05,,,Sports & Outdoor Equipment
自動翻訳機, Automatic translation machine, 50, 05, 06, 35000,Electronics & Technology
コクヨ オフィスチェアー, Kokuyo office chair, 1, 05,,,Home Appliances
テレカ「安西ひろ子」, Telephone card _Anzai Hiroko_, 1, 05,,,Collectibles & Memorabilia
スパイスガールス人形OR サッカーゲームソフト(PS), Spice Girls doll OR soccer game software (PS), 1, 05,,,Collectibles & Memorabilia
マウンテンバイク, Mountain bike, 1, 05,,,Sports & Outdoor Equipment
広末涼子サイン入り写真ORカレンダー, Signed photo of Hirosue Ryoko OR calendar, 1, 05,,,Collectibles & Memorabilia
広末涼子 CD, Hirosue Ryoko CD, 1, 05,,,Entertainment Media
ウニ, Sea urchin, 50, 05,,,Japanese Specialty Foods
米(10kg), Rice (10kg), 50, 05, 05, 5800,Fresh Food & Produce
フライパン(直径24cm), Frying pan (diameter 24cm), 1, 05,,,Kitchen & Cooking Supplies
千草忠夫選集, Selected works of Chigusa Tadao, 50, 05,,,Books & Educational
写真集 「白鳥智香子」, Photo book _Shiratori Chikako_, 1, 05,,,Books & Educational
ミントスナック, Mint snack, 1, 05,,,Food & Beverages (Packaged)
フィギュア「エスメラルダ&海野広」, Figure _Esmeralda & Umino Hiroshi_, 1, 05,,,Collectibles & Memorabilia
ハミガキ粉, Toothpaste, 10, 05,,,Beauty & Personal Care
ダイエット食品, Diet food, 51, 05,,,Health & Wellness
デュポンのライター, DuPont lighter, 50, 05,,,Collectibles & Memorabilia
ダイヤの指輪, Diamond ring, 100, 05,,,Fashion & Accessories
カメラ, Camera, 50, 05,,,Electronics & Technology
お茶, Tea, 1, 05,,,Food & Beverages (Packaged)
オレンジジュース, Orange juice, 1, 05,,,Food & Beverages (Packaged)
マウスウォッシュ「リステリン」, Mouthwash _Listerine_, 1, 05,,,Health & Wellness
トマピー(15個), Tomato peas (15 pieces), 50, 05,,,Fresh Food & Produce
車海老(10), Prawns (10), 70, 05,,,Fresh Food & Produce
近江牛ステーキ肉 (450g), Omi beef steak (450g), 50, 05,,,Fresh Food & Produce
京都産松茸(200g), Matsutake mushrooms from Kyoto (200g), 150, 05,,,Fresh Food & Produce
毛ガニ(2ハイ), Hairy crab (2 high), 150, 05, 10, 5000,Fresh Food & Produce
反町隆史テレカ, Takashi Sorimachi phone card, 1, 05,,,Collectibles & Memorabilia
CDプレイヤー「SHOCK WAVE」, CD player _SHOCK WAVE_, 1, 05,,,Electronics & Technology
東京ヘイ「ブルーヘランダ」食事券 (4000円分), Tokyo Hey _Blue Helanda_ meal ticket (4000 yen), 1, 05,,,Gift Certificates & Vouchers
ベネトン香水「ホットアンドゴールド」, Benetton perfume _Hot and Gold_, 1, 05,,,Beauty & Personal Care
フィギュア「エドワードシザーハンズ」, Figure _Edward Scissorhands_, 1, 05,,,Collectibles & Memorabilia
ナイキ OR バーバリーの財布, Nike OR Burberry wallet, 1, 05,,,Fashion & Accessories
マスクメロン(2玉), Musk melon (2 pieces), 50, 05,,,Fresh Food & Produce
沖縄往復航空券 OR テレカ, Round-trip ticket to Okinawa OR phone card, 50, 05,,,Travel & Tourism
カーナビゲーション, Car navigation, 50, 05,,,Electronics & Technology
バッグ(カルティエORグッチ), Bag (Cartier OR Gucci), 50, 05,,,Fashion & Accessories
ゲームソフト「ハロック」OR「シャイニングフォース(SS), Game software _Harlock_ OR _Shining Force (SS), 1, 05,,,Entertainment Media
藤崎奈々子テレカー, Fujisaki Nanako phone card, 1, 05,,,Collectibles & Memorabilia
???? JINRO GARDEN」食事券(3000円分), ???? JINRO GARDEN_ meal ticket (3000 yen), 1, 05,,,Gift Certificates & Vouchers
NINTENDO64, Nintendo 64, 1, 05,,,Electronics & Technology
パソコン用ターミナルアダプタ, PC terminal adapter, 1, 05,,,Electronics & Technology
ヴァレンティノのクッション, Valentino cushion, 1, 05,,,Home Appliances
カルティエの指輪, Cartier ring, 50, 05,,,Fashion & Accessories
フルカリのネックレス, Fulcari necklace, 50, 05,,,Fashion & Accessories
テレビ電話, Videophone, 5, 05,,,Electronics & Technology
ソファ&テーブル, Sofa & table, 5, 05,,,Home Appliances
デジタルカメラ&プリンター, Digital camera & printer, 5, 05,,,Electronics & Technology
ワイドテレビ&CSチューナー, Wide-screen TV & CS tuner, 5, 05,,,Electronics & Technology
ミニコンポ & 商品券3万円分, Mini component system & 30_000 yen gift certificate, 5, 05,,,Electronics & Technology
スキードーム 「ザウス」 1日券, Ski Dome _Zeus_ 1-day ticket, 1, 05,,,Tickets & Experiences
広末涼子テレカ, Hirosue Ryoko phone card, 2, 05,,,Collectibles & Memorabilia
広末涼子ポスター, Hirosue Ryoko poster, 8, 05, 06, 0,Collectibles & Memorabilia
高級バッグ, Luxury bags, 50, 06,,,Fashion & Accessories
腕時計 セイコー & シチズン & カシオ), Watches (Seiko & Citizen & Casio), 405, 06,,,Fashion & Accessories
フェンディのポーチ, Fendi pouch, 50, 06,,,Fashion & Accessories
パールペンダント, Pearl pendant, 1, 06,,,Fashion & Accessories
スケートボード, Skateboard, 1, 06,,,Sports & Outdoor Equipment
リュックサック, Backpack, 2, 06,,,Fashion & Accessories
セガサターン, Sega Saturn, 2, 06,,,Electronics & Technology
栃木ゴシヒカリ「穂の香」(5kg), Tochigi Goshihikari _Honoka_ (5kg), 7, 06,,,Japanese Specialty Foods
ノートパソコン, Notebook computer, 10, 06,,,Electronics & Technology
デジタルカメラ&プリンター, Digital camera & printer, 182, 06,,,Electronics & Technology
DVDプレイヤー, DVD player, 20, 06,,,Electronics & Technology
FAX, Fax, 10, 06,,,Electronics & Technology
カーナビゲーション, Car navigation system, 10, 06, 08, 0,Electronics & Technology
MDコンポー, MD component, 10, 06,,,Electronics & Technology
CDプレイヤー, CD player, 10, 06,,,Electronics & Technology
ビデオカメラ, Video camera, 11, 06,,,Electronics & Technology
ワイドテレビ, Wide-screen TV, 10, 06,,,Electronics & Technology
クッキー, Cookies, 56, 06,,,Food & Beverages (Packaged)
カステラ, Castella, 50, 06,,,Japanese Specialty Foods
滝沢秀明使用済みキャップ, Used cap by Hideaki Takizawa, 1, 06,,,Collectibles & Memorabilia
ともさかりえ CD, Tomosaka Rie CD, 1, 06,,,Entertainment Media
商品券 (100万円分&1万円分), Gift certificate (1 million yen worth & 10_000 yen worth), 6, 06,,,Gift Certificates & Vouchers
あんみつセット, Anmitsu set, 101, 06,,,Japanese Specialty Foods
ナショナル電化製品50万円分, National electrical appliances worth 500_000 yen, 5, 06,,,Gift Certificates & Vouchers
旅行券(100万円分&20万円分), Travel vouchers (1 million yen worth & 200_000 yen worth), 6, 06,,,Travel & Tourism
マッサージ機, Massage machine, 2, 06,,,Health & Wellness
瘦身美容器, Body-slimming beauty device, 1, 06,,,Health & Wellness
電気自動車, Electric car, 52, 06,,,Automotive & Vehicles
空気清浄器, Air purifier, 11, 06,,,Home Appliances
ハワイカタログショッピング, Hawaii catalog shopping, 5, 06,,,Gift Certificates & Vouchers
ボルボVORパールネックレスORTのテレカ, Volvo VOR pearl necklace ORT telephone card, 50, 06,,,Fashion & Accessories
デンマーク旅行, Denmark trip, 1, 06,,,Travel & Tourism
アメリカ旅行, USA trip, 20, 06,,,Travel & Tourism
ハワイ旅行, Hawaii trip, 30, 06,,,Travel & Tourism
ソウル旅行, Seoul trip, 5, 06,,,Travel & Tourism
サングラス, Sunglasses, 16, 06,,,Fashion & Accessories
スイカー, Sweetener, 100, 06,,,Food & Beverages (Packaged)
ティッシュペーパー, Tissue paper, 110, 06,,,Health & Wellness
アイスクリーム, Ice cream, 250, 06, 06, 3000,Food & Beverages (Packaged)
チョコレート, Chocolate, 135, 06,,,Food & Beverages (Packaged)
GLAYポスター, GLAY poster, 1, 06,,,Collectibles & Memorabilia
ジープ「チェロキー」, Jeep _Cherokee_, 1, 06,,,Automotive & Vehicles
ヒデオ「深夜特急」完全版3巻セット, Hideo _Midnight Express_ complete edition 3-volume set, 1, 06,,,Books & Educational
体重計, Weight scale, 6, 06,,,Health & Wellness
指輪(バール&ダイヤモンド他), Ring (crowbar & diamond etc.), 56, 06,,,Fashion & Accessories
現金1万円, 10_000 yen in cash, 1, 06,,,Cash Prizes
天ぷら & 天ぷら鍋セット, Tempura & Tempura pot set, 110, 06,,,Kitchen & Cooking Supplies
黒田美礼ビデオORゲームソフト, Mirei Kuroda video or game software, 1, 06,,,Entertainment Media
カップ焼きそば, Cup yakisoba, 1, 06,,,Food & Beverages (Packaged)
スピーカー, Speakers, 1, 06,,,Electronics & Technology
図書券 (5_000円分), Book vouchers (5_000 yen worth), 1, 06,,,Gift Certificates & Vouchers
室内用プラネタリウム, Indoor planetarium, 1, 06,,,Entertainment Media
水ようかん, Mizu yokan, 50, 06,,,Japanese Specialty Foods
大月みやこコマ劇場招待券, Otsuki Miyako Koma Theater invitation ticket, 1, 06,,,Tickets & Experiences
パソコン GATEWAY OR Power Mac, PC GATEWAY OR Power Mac, 10, 06,,,Electronics & Technology
手作りソーセージキット, Homemade sausage kit, 5, 06,,,Kitchen & Cooking Supplies
カップラーメン, Cup ramen, 351, 06,,,Food & Beverages (Packaged)
野菜ジュース, Vegetable juice, 21, 06,,,Food & Beverages (Packaged)
サラダドレッシング, Salad dressing, 1, 06,,,Food & Beverages (Packaged)
キムチスープー, Kimchi soup, 1, 06,,,Food & Beverages (Packaged)
スチームアイロン, Steam iron, 5, 06,,,Home Appliances
フライパン(直径24cm), Frying pan (diameter 24cm), 5, 06,,,Kitchen & Cooking Supplies
さくらんぼ, Cherries, 100, 06,,,Fresh Food & Produce
MAX・コンサートパンフレット, MAX concert pamphlet, 1, 06,,,Collectibles & Memorabilia
日本ダービーポスターー, Japan Derby poster, 1, 06,,,Collectibles & Memorabilia
NINTENDO64 OR THREA ???, Nintendo 64 or Threa???, 1, 06,,,Electronics & Technology
三波春夫コンサート招待券, Haruo Minami concert invitation ticket, 1, 06,,,Tickets & Experiences
???, ???, 50, 06,,,Collectibles & Memorabilia
日産「テラノ」, Nissan Terrano, 50, 06,,Automotive & Vehicles
広末涼子ポスタ, Ryoko Hirosue poster, 11, 06,,Collectibles & Memorabilia
スクーター「スズキ・ヴェルテ」, Scooter Suzuki Verte, 40, 06,,Automotive & Vehicles
CDラジカセ他, CD radio cassette player etc., 20, 06,,Electronics & Technology
コンパクトカメラー, Compact camera, 21, 06,,Electronics & Technology
ベイキャニオンズのテレカ, Bay Canyons telephone card, 1, 06,,Collectibles & Memorabilia
プレイステーション, PlayStation, 1, 06,,Electronics & Technology
カチューシャ, Headband, 1, 06,,Fashion & Accessories
PHS, PHS, 20, 06,,Electronics & Technology
ゲームソフト「スーパーロボット大戦F」他, Game software Super Robot Wars F etc., 21, 06,,Entertainment Media
男性用化粧品セット, Mens cosmetics set, 20, 06,,Beauty & Personal Care
ヘッドホン, Headphones, 40, 06,,Electronics & Technology
ハウンドドッグの肩たたき, Hound Dog shoulder massage, 1, 06, 10, 1500,Health & Wellness
フィギュア「初代ゴジラ」, Figure _First Godzilla_, 6, 06,,Collectibles & Memorabilia
ビデオ「ピンクパンサー」3巻セット, Video _Pink Panther_ 3-volume set, 1, 06,,Entertainment Media
電光掲示ダーツ OR 麻雀牌, Electronic display darts OR mahjong tiles, 1, 06,,Entertainment Media
山形米 「はえぬき」 (5kg), Yamagata rice _Haenuki_ (5kg), 50, 06,,Japanese Specialty Foods
タカラ「人生ゲームEX」, Takara _Game of Life EX_, 5, 06,,Entertainment Media
エレキギター, Electric guitar, 5, 06,,Entertainment Media
インターネット接続機, Internet connection device, 5, 06,,Electronics & Technology
サイパン旅行, Saipan trip, 5, 06,,Travel & Tourism
ふりかけ, Furikake, 5, 06,,Japanese Specialty Foods
ざるうどん、ひやむぎ、そうめんセット, Zaru udon_ hiyamugi_ somen set, 5, 06,,Japanese Specialty Foods
ビーフン, Rice vermicelli, 5, 06,,Food & Beverages (Packaged)
中山美穂ノベルティー「クローハー鉢植え｣, Nakayama Miho novelty _Crowher potted plant_, 5, 06,,Collectibles & Memorabilia
ハーブ栽培セット, Herb cultivation set, 5, 06,,Home Appliances
ポラロイドカメラ&フィルム, Polaroid camera & film, 20, 06,,Electronics & Technology
竹垣根, Bamboo fence roots, 5, 06,,Home Appliances
ドッグフード(ドライ), Dog food (dry), 5, 06,,Pet Supplies
キャットフード(ドライ), Cat food (dry), 5, 06,,Pet Supplies
ブルーベリー, Blueberries, 5, 06,,Fresh Food & Produce
ダイエット食品, Diet food, 5, 06,,Health & Wellness
淨水器, Water purification device, 25, 06,,Home Appliances
うどん詰め合わせ, Udon assortment, 5, 06,,Japanese Specialty Foods
ビデオ「アントニオ猪木 引退試合1・2」, Video _Antonio Inoki _Retirement Match 1 & 2_, 10, 06,,Entertainment Media
写真集「アントニオ猪木」, Photobook _Antonio Inoki_, 10, 06,,Books & Educational
スチームアイロン, Steam iron, 5, 06,,Home Appliances
育毛剤, Hair growth agent, 5, 06,,Health & Wellness
体脂肪計, Body fat scale, 16, 06,,Health & Wellness
「香水「ヒューゴ」, Perfume _Hugo_, 1, 06,,Beauty & Personal Care
フルーツゼリー詰め合わせ, Assorted fruit jellies, 50, 06,,Food & Beverages (Packaged)
メロン(2玉), Melon (2 pieces), 100, 06,,Fresh Food & Produce
グッチのバッグ, Gucci bag, 1, 06,,Fashion & Accessories
ドコモ「モバイル・ギア」, Docomo _Mobile Gear_, 1, 06,,Electronics & Technology
ミニカーセット, Mini car set, 1, 06,,Collectibles & Memorabilia
バレンチノの傘, Valentino umbrella, 1, 06,,Fashion & Accessories
アクセサリー(シルハーOAプラチナ), Accessories (Silhar OA Platinum), 50, 06,,Fashion & Accessories
ビデオデッキRテレカ, Video deck R telephone card, 50, 06,,Electronics & Technology
だしつゆセット-, Dashi soup set -, 10, 06,,Japanese Specialty Foods
ミッキーマウスの爪切り, Mickey Mouse nail clippers, 1, 06,,Beauty & Personal Care
シューズラック, Shoe rack, 1, 06,,Home Appliances
ナイキのバッグ, Nike bag, 1, 06,,Fashion & Accessories
シャープ「パワーザウルス」, Sharp _Powersaurus_, 50, 06,,Electronics & Technology
MDプレイヤー, MD player, 50, 06,,Electronics & Technology
ゴルフクラブ&キャディバッグ, Golf clubs & caddy bag, 50, 06,,Sports & Outdoor Equipment
自転車, Bicycle, 100, 06,,Sports & Outdoor Equipment
ゴルフボール(1ダース), Golf balls (1 dozen), 10, 06,,Sports & Outdoor Equipment
ホテル「マイユクール」(1_000円分), Hotel _Maille Coeur_ (1_000 yen), 1, 06,,Gift Certificates & Vouchers
アロマキャンドル, Aromatherapy candle, 2, 06,,Beauty & Personal Care
レストラン「カプリチョーザ」 食事券(4名分), Restaurant _Capricciosa_ meal ticket (4 people), 1, 06,,Gift Certificates & Vouchers
携帯ゲーム｢てくてくエンジェル」, Mobile game _Tekuteku Angel_, 1, 06,,Electronics & Technology
レストラン「ロックンロールダイナー」 食事券, Restaurant _Rock n Roll Diner_ Meal ticket, 1, 06,,Gift Certificates & Vouchers
キティちゃんのシール, Hello Kitty sticker, 1, 06,,Collectibles & Memorabilia
ポテトスナックー, Potato snack, 1, 06,,Food & Beverages (Packaged)
カヌー, Canoe, 1, 06,,Sports & Outdoor Equipment
グアム旅行(4日間), Trip to Guam (4 days), 50, 06,,Travel & Tourism
MDプレイヤー, MD player, 50, 06,,Electronics & Technology
ゲームソフト「億万長者への道」, Game software _The Road to Millionaire_, 1, 06,,Entertainment Media
香水「サムライ」, Perfume _Samurai_, 2, 06,,Beauty & Personal Care
スニーカー, Sneakers, 1, 06,,Fashion & Accessories
MD, MD, 1, 06,,Electronics & Technology
スウェードの靴, Suede shoes, 1, 06,,Fashion & Accessories
双眼鏡, Binoculars, 11, 06,,Sports & Outdoor Equipment
十徳ナイフ, Seven-in-one knife, 1, 06,,Kitchen & Cooking Supplies
ラルク・アン・シエルの計算機, LArc-en-Ciel calculator, 1, 06,,Electronics & Technology
コードレス電話機, Cordless phone, 50, 06,,Electronics & Technology
香水「サニー・フルッティ」, Perfume _Sunny Frutti_, 50, 06,,Beauty & Personal Care
アメリカ旅行 5泊7日 OA CDプレイヤー, Trip to America 5 nights 7 days OA CD player, 10, 06,,Travel & Tourism
プラチナ・ネックレスー, Platinum necklace, 10, 06,,Fashion & Accessories
矢部美穂ビデオORゲームソフト, Miho Yabe video OR Game software, 1, 06,,Entertainment Media
ゲームソフト「ザ・キング・オブ・ファイターズ 97」, Game software _The King of Fighters 97_, 1, 06,,Entertainment Media
サッカーボールOR日本代表応ハッピ 子, Soccer ball OR Japan national team happi coat, 1, 06,,Sports & Outdoor Equipment
ルアープ セットDA OR CDプレーヤー, Lurep set DA OR CD player, 1, 06,,Electronics & Technology
水ようかん詰め合わせ, Mizu-yokan assortment, 1, 06,,Japanese Specialty Foods
栄養食品, Nutritional foods, 50, 06,,Health & Wellness
女性用水着, Womens swimsuit, 10, 06,,Fashion & Accessories
ざるうどん、ひやむぎ、そうめん, Zaru udon_ hiyamugi_ somen, 10, 06,,Japanese Specialty Foods
電動シェーバー, Electric shaver, 101, 06,,Beauty & Personal Care
ゴルフ用日傘, Golf parasol, 10, 06,,Sports & Outdoor Equipment
本「ルアーフィッシング入門」, Book _Introduction to lure fishing_, 5, 06,,Books & Educational
携帯電話ハンズフリーキット, Cell phone hands-free kit, 1, 06,,Electronics & Technology
とうもろこし(5kg), Corn (5kg), 50, 06,,Fresh Food & Produce
ぶどう「デラウェア (2kg), Grapes _Delaware_ (2kg), 50, 06,,Fresh Food & Produce
ドッグフード(ドライ&生タイプ), Dog food (dry & fresh), 10, 06,,Pet Supplies
コーヒー詰め合わせ&カップマフィンセット, Coffee assortment & cup muffin set, 10, 06,,Food & Beverages (Packaged)
光岡自動車「ビュート」, Mitsuoka Motors _Viewt_, 55, 06,,Automotive & Vehicles
沖縄往復航空券, Round-trip air ticket to Okinawa, 55, 06,,Travel & Tourism
テレビデオ (21型), TV (21-inch), 55, 06,,Electronics & Technology
電子ジャー, Electric rice cooker, 55, 06,,Kitchen & Cooking Supplies
掃除機, Vacuum cleaner, 55, 06,,Home Appliances
洗濯機, Washing machine, 55, 06,,Home Appliances
電子レンジ, Microwave, 55, 06,,, Home Appliances
冷藏庫, Refrigerator, 55, 06,,, Home Appliances
パスタ パスタソース&オリーフオイル, Pasta with pasta sauce & olive oil, 20, 06,,, Food & Beverages (Packaged)
バナナシェイクソフトー, Banana shake soft serve, 20, 06,,, Food & Beverages (Packaged)
裁縫セット, Sewing set, 20, 06, 07, 2500, Fashion & Accessories
梅酒, Plum wine, 20, 06,,, Alcoholic Beverages
納豆, Natto, 50, 06,,, Japanese Specialty Foods
ヨーグルト飲料, Yogurt drink, 30, 06,,, Food & Beverages (Packaged)
フランスW杯トレーティングカード, France World Cup trading card, 10, 06,,, Collectibles & Memorabilia
布袋寅泰テレカ, Tomoyasu Hotei phone card, 1, 06,,, Collectibles & Memorabilia
パソコン「VAIO」, Computer _VAIO_, 10, 06,,, Electronics & Technology
ドコモ 「ポケットボード」, Docomo _Pocket Board_, 1, 06, 08, 12800, Electronics & Technology
広末涼子の折りたたみ傘OR サイン入りボラ, Hirosue Ryokos folding umbrella OR signed mullet, 106, 06,,, Collectibles & Memorabilia
バリ旅行 OR 商品券5万円 他, Bali trip OR 50_000 yen gift certificate Others, 60, 06,,, Travel & Tourism
ファッションショーチケット他, Fashion show tickets_ etc., 11, 06,,, Tickets & Experiences
旅行券30万円分, Travel vouchers worth 300_000 yen, 50, 06,,, Gift Certificates & Vouchers
ビデオ「南仏プロヴァンス花の旅」, Video _Flower Journey in Provence_ France_, 1, 06,,, Entertainment Media
ゲムソフト「鉄拳2」他9枚組(PS用), Game software _Tekken 2_ and other 9-disc set (for PS), 1, 06,,, Entertainment Media
ウインドサーフィン・レッスンチケット, Windsurfing lesson tickets, 50, 06,,, Tickets & Experiences
はちみつ, Honey, 10, 06,,, Food & Beverages (Packaged)
フルーツジュース, Fruit juice, 10, 06,,, Food & Beverages (Packaged)
米「ひとめぼれ」(5kgOR2kg), Rice _Hitomebore_ (5kg or 2kg), 100, 06,,, Japanese Specialty Foods
ボディーローション, Body lotion, 10, 06,,, Beauty & Personal Care
冷凍食品「パンケーキ」他, Frozen food _Pancakes_ and others, 10, 06,,, Food & Beverages (Packaged)
美白エッセンス, Whitening essence, 10, 06,,, Beauty & Personal Care
歯みがきセットー, Toothbrush set, 20, 06,,, Beauty & Personal Care
レトルト食品&カップラーメン・, Retort food & cup ramen_, 10, 06,,, Food & Beverages (Packaged)
インスタントスパゲティ, Instant spaghetti, 50, 06,,, Food & Beverages (Packaged)
ゲームソフト「ワールドカップフランス99」他, Game software _World Cup France 99_ and others, 21, 06,,, Entertainment Media
アクセサリー, Accessories, 11, 06,,, Fashion & Accessories
婦人用衣類他, Womens clothing_ etc., 11, 06,,, Fashion & Accessories
クイズ賞金総額12万円ORテレカ, Quiz prize money total 120_000 yen or telephone card, 1, 06,,, Cash Prizes
サーフィンイタリアンレストラン 530円, Surfing Italian restaurant 530 yen, 2, 06,,, Gift Certificates & Vouchers
安西ひろこテレカ, Hiroko Anzai phone card, 1, 06,,, Collectibles & Memorabilia
アルコール飲料, Alcoholic drinks, 10, 06,,, Alcoholic Beverages
水ようかんとゼリーの詰め合わせ, Mizu-yokan and jelly assortment, 10, 06,,, Japanese Specialty Foods
ミネラルウォーター, Mineral water, 1, 06,,, Food & Beverages (Packaged)
携帯型ゲーム「バーチャル競馬」, Handheld game _Virtual horse racing_, 1, 06,,, Entertainment Media
蚊とり器, Mosquito repellent, 1, 06,,, Home Appliances
「フィギュア「初代ゴジラ」OR「ハニーカール」, Figure _Original Godzilla_ or _Honey Curl_, 30, 06,,, Collectibles & Memorabilia
ルーズソックス, Loose socks, 1, 06,,, Fashion & Accessories
ドライヤー, Hair dryer, 10, 06, 07, 3900, Beauty & Personal Care
リンゴジュース, Apple juice, 10, 06,,, Food & Beverages (Packaged)
電卓, Calculator, 10, 06,,, Electronics & Technology
お茶碗セット, Rice bowl set, 10, 06,,, Kitchen & Cooking Supplies
ところてん手作りキット, Tokoroten handmade kit, 10, 06,,, Japanese Specialty Foods
骨付きカルビ・キムチセット, Bone-in short rib and kimchi set, 1, 06,,, Fresh Food & Produce
鮭の缶詰, Canned salmon, 50, 06,,, Food & Beverages (Packaged)
映画「スパイス・ザ・ムービー」前売券&フィギュア, Advance tickets and figures for the movie _Spice the Movie_, 10, 06, 08, 0, Tickets & Experiences
スナック菓子, Snacks, 10, 06,,, Food & Beverages (Packaged)
パスタ&ソース&チーズ他, Pasta_ sauce_ cheese_ etc., 35, 06,,, Food & Beverages (Packaged)
SPEED主演映画「アントロメティア」 招待券, Tickets for the movie _Anthrometia_ starring SPEED, 1, 06,,, Tickets & Experiences
広末涼子サイン&イラスト入りサンタル, Santal with Hirosue Ryokos autograph and illustration, 2, 06,,, Collectibles & Memorabilia
広末涼子テレカ, Hirosue Ryoko phone card, 3, 06,,, Collectibles & Memorabilia
広末涼子ホワイトボードー, Hirosue Ryoko whiteboard, 10, 06,,, Collectibles & Memorabilia
バッグ(サムソナイトORグッチ), Bags (Samsonite or Gucci), 120, 07,,, Fashion & Accessories
ディズニーグッズ, Disney goods, 10, 07,,, Collectibles & Memorabilia
ダイエット食品, Diet foods, 16, 07,,, Health & Wellness
トヨタ スターレット」, Toyota Starlet, 10, 07,,, Automotive & Vehicles
腕時計, Watches, 181, 07,,, Fashion & Accessories
ハワイ旅行, Trip to Hawaii, 60, 07,,, Travel & Tourism
脱毛器, Hair removal device, 11, 07,,, Beauty & Personal Care
旅行券(10万円分), Travel voucher (100_000 yen), 21, 07,,, Gift Certificates & Vouchers
長谷川温泉宿泊券, Hasegawa Onsen accommodation voucher, 10, 07,,, Travel & Tourism
FAX電話, Fax phone, 1, 07,,, Electronics & Technology
炊飯器, Rice cooker, 10, 07,,, Home Appliances
アクセサリ, Accessories, 111, 07,,, Fashion & Accessories
イギリス旅行, Trip to England, 10, 07,,, Travel & Tourism
米 「コシヒカリ」 (20kg), Rice _Koshihikari_ (20kg), 10, 07,,, Japanese Specialty Foods
プレイステーション, PlayStation, 2, 07,,, Electronics & Technology
リストバンド, Wristband, 6, 07,,, Fashion & Accessories
日産「キューブ」, Nissan _Cube_, 10, 07,,, Automotive & Vehicles
商品券, Gift certificate, 15, 07,,, Gift Certificates & Vouchers
国内線ペア航空券, Domestic flight tickets for two, 30, 07,,, Travel & Tourism
ゴルフ場1日プレー券, Golf course one-day play ticket, 10, 07,,, Tickets & Experiences
ホテル招待券, Hotel invitation ticket, 20, 07,,, Travel & Tourism
杉良太郎 公演チケット, Ryotaro Sugi performance ticket, 10, 07,,, Tickets & Experiences
高速バスペアチケット, Expressway bus ticket for two, 10, 07,,, Travel & Tourism
観光船ペアチケット, Sightseeing boat ticket for two, 10, 07,,, Travel & Tourism
平和島クアハウス招待券, Heiwajima Kuahaus invitation ticket, 10, 07,,, Tickets & Experiences
ともさかりえ OR SPEED ポスター, Tomosaka Rie OR SPEED poster, 1, 07,,, Collectibles & Memorabilia
フィギュア「セッターペリカン」, Figure _Setter Pelican_, 1, 07,,, Collectibles & Memorabilia
香水, Perfume, 21, 07,,, Beauty & Personal Care
ウェットスーツ, Wetsuit, 1, 07,,, Sports & Outdoor Equipment
カップラーメン, Cup ramen, 21, 07,,, Food & Beverages (Packaged)
ゴルフボール, Golf balls, 100, 07,,, Sports & Outdoor Equipment
釣り具セット, Fishing tackle set, 50, 07,,, Sports & Outdoor Equipment
三菱 「ミニカ」, Mitsubishi _Minica_, 1, 07,,, Automotive & Vehicles
電動歯ブラシ 他, Electric toothbrush etc., 52, 07,,, Beauty & Personal Care
スナック菓子, Snacks, 220, 07,,, Food & Beverages (Packaged)
CD-ROM版 マルチメディア百科辞典, CD-ROM version Multimedia encyclopedia, 1, 07, 09, 10000, Books & Educational
ネイルカラー, Nail color, 1, 07,,, Beauty & Personal Care
ローラーブレード, Roller blades, 1, 07,,, Sports & Outdoor Equipment
净水器, Water purifier, 11, 07,,, Home Appliances
ゴルフ用傘, Golf umbrella, 1, 07,,, Sports & Outdoor Equipment
競輪日本選手権ビデオ, Japan Keirin Championship video, 1, 07, 09, 4800, Entertainment Media
クイズ賞金10万円, Quiz prize money 100_000 yen, 50, 07,,, Cash Prizes
新車購入資金50万円クーポン, 500_000 yen coupon for purchasing a new car, 50, 07,,, Gift Certificates & Vouchers
映画「ジャッカル」 オリジナル時計, Movie _The Jackal_ Original watch, 10, 07,,, Collectibles & Memorabilia
レストラン「カプリチョーザ」 食事券, Restaurant _Capricciosa_ Meal voucher, 5, 07,,, Gift Certificates & Vouchers
横浜ドリームランドチケット, Yokohama Dreamland ticket, 1, 07,,, Tickets & Experiences
フィギュア「スパイス・ガールズ」 5体セット, Figure _Spice Girls_ 5-piece set, 5, 07,,, Collectibles & Memorabilia
現金一万円, 10_000 yen cash, 1, 07,,, Cash Prizes
ワイン&香辛料, Wine & spices, 1, 07,,, Food & Beverages (Packaged)
ヘッドホン, Headphones, 1, 07,,, Electronics & Technology
シャンプー&コンディショナー, Shampoo & conditioner, 5, 07,,, Beauty & Personal Care
手作りソーセージキット, Homemade sausage kit, 50, 07,,, Kitchen & Cooking Supplies
ゼリー, Jelly, 45, 07, 08, 4074, Food & Beverages (Packaged)
扇風機, Electric fan, 15, 07,,, Home Appliances
本「キャシー中島のハワイアンキルト」, Book _Kathy Nakajimas Hawaiian Quilt_, 1, 07,,, Books & Educational
ポテトチップス, Potato chips, 1, 07,,, Food & Beverages (Packaged)
安西ひろこサイン入りポラ, Polaroid autographed by Anzai Hiroko, 1, 07,,, Collectibles & Memorabilia
体脂肪計, Body fat scale, 218, 07,,, Health & Wellness
食器セット, Dishware set, 10, 07,,, Kitchen & Cooking Supplies
サングラス, Sunglasses, 160, 07,,, Fashion & Accessories
双眼鏡, Binoculars, 52, 07,,, Sports & Outdoor Equipment
食パン, Bread, 150, 07,,, Fresh Food & Produce
スパゲティ, Spaghetti, 50, 07,,, Food & Beverages (Packaged)
米「はえぬき」 (2kg), Rice _Haenuki_ (2kg), 50, 07,,, Food & Beverages (Packaged)
米「たくわえくん」 (2kg), Rice _Takuwae-kun_ (2kg), 60, 07, 08, 750, Food & Beverages (Packaged)
タラコ, Tarako, 15, 07,,, Japanese Specialty Foods
風鈴, Wind chimes, 25, 07,,, Home Appliances
ゲームソフト「THE ビストロ」, Game software _THE Bistro_, 1, 07,,, Entertainment Media
ポラロイドカメラ, Polaroid camera, 7, 07,,, Electronics & Technology
ドコモ・ポケットボード, Docomo Pocket Board, 81, 07,,, Electronics & Technology
ハイキング用ステッキ, Hiking walking stick, 1, 07,,, Sports & Outdoor Equipment
テレビ, Television, 20, 07,,, Electronics & Technology
ドライブルーベリ, Dried blueberries, 50, 07,,, Food & Beverages (Packaged)
水なす漬, Pickled eggplant, 50, 07, 08, 4800, Japanese Specialty Foods
水ようかん, Mizu yokan, 150, 07,,, Japanese Specialty Foods
前川清 新宿コマ劇場 公演チケット, Maekawa Kiyoshi Shinjuku Koma Theater Concert tickets, 1, 07,,, Tickets & Experiences
日産「セフィーロ」, Nissan Cefiro, 50, 07,,, Automotive & Vehicles
TMレボリューションのパーカー, TM Revolution hoodie, 1, 07,,, Fashion & Accessories
アルコール飲料, Alcoholic drinks, 2, 07,,, Alcoholic Beverages
オペル「VITA」, Opel VITA, 50, 07,,, Automotive & Vehicles
サッカーシューズ, Soccer shoes, 50, 07,,, Sports & Outdoor Equipment
みそ漬け詰め合わせ, Assorted miso pickles, 100, 07,,, Japanese Specialty Foods
将棋盤, Shogi board, 1, 07,,, Entertainment Media
薬品用カプセル, Chemical capsules, 5, 07,,, Health & Wellness
ラジコンカ, Radio-controlled car, 5, 07,,, Entertainment Media
CDプレイヤー, CD player, 5, 07,,, Electronics & Technology
甘口大根栽培セット, Sweet radish cultivation set, 5, 07,,, Fresh Food & Produce
スカーフ, Scarf, 100, 07,,, Fashion & Accessories
筋子一夜漬け, Salted salmon roe, 1, 07,,, Japanese Specialty Foods
ケーキ, Cake, 10, 07,,, Food & Beverages (Packaged)
サイパン旅行, Saipan trip, 50, 07,,, Travel & Tourism
浮き輪&ゴーグル, Floor ring & goggles, 1, 07,,, Sports & Outdoor Equipment
「ルネッサ伊豆高原」宿泊券, Rnessa Izu Kogen accommodation ticket, 5, 07,,, Gift Certificates & Vouchers
用掃除機, Vacuum cleaner, 5, 07,,, Home Appliances
レンジ用調理容器, Microwave cooking container, 5, 07,,, Kitchen & Cooking Supplies
財布, Wallet, 5, 07,,, Fashion & Accessories
電卓, Calculator, 5, 07,,, Electronics & Technology
つけまつ毛, False eyelashes, 3, 07,,, Beauty & Personal Care
エステ体験チケット, Beauty salon experience ticket, 60, 07,,, Tickets & Experiences
帽子, Hat, 50, 07,,, Fashion & Accessories
ビリヤードレッスンチケット, Billiards lesson ticket, 1, 07,,, Tickets & Experiences
ボディボード, Bodyboard, 1, 07,,, Sports & Outdoor Equipment
広末涼子ビデオ, Hirosue Ryoko video O, 1, 07,,, Entertainment Media
広末涼子ストラップ, Hirosue Ryoko strap, 1, 07,,, Collectibles & Memorabilia
広末涼子サイン色紙, Hirosue Ryoko autographed color paper, 6, 07,,, Collectibles & Memorabilia
ワイドテレビ, Widescreen TV, 50, 07,,, Electronics & Technology
ビデオカメラ, Video camera, 116, 07,,, Electronics & Technology
ビデオデッキ, Video deck, 51, 07,,, Electronics & Technology
MDコンポ, MD component, 86, 07,,, Electronics & Technology
タオル, Towel, 10, 07,,, Home Appliances
そば詰め合わせ, Soba assortment, 1, 07,,, Japanese Specialty Foods
豆腐, Tofu, 50, 07,,, Fresh Food & Produce
スナック菓子, Snacks, 50, 07,,, Food & Beverages (Packaged)
オレンジジュース, Orange juice, 50, 07,,, Food & Beverages (Packaged)
冷凍レンジ食品, Frozen microwave foods, 50, 07,,, Food & Beverages (Packaged)
焼肉だれ, Yakiniku sauce, 5, 07,,, Food & Beverages (Packaged)
栄養補助食品, Dietary supplements, 5, 07,,, Health & Wellness
アイシングスプレー, Icing spray, 9, 07,,, Sports & Outdoor Equipment
ブーツー, Boots, 2, 07,,, Fashion & Accessories
プレイステーション用 メモリーカード, Playstation Memory card, 1, 07,,, Electronics & Technology
殺虫剤, Insecticide, 1, 07,,, Home Appliances
女性用水着, Womens swimsuits, 1, 07,,, Fashion & Accessories
チョコレート, Chocolate, 50, 07,,, Food & Beverages (Packaged)
マラカス, Maracas, 5, 07,,, Entertainment Media
廣東料理「翠紅樓」食事券, Cantonese cuisine _Cuihonglou_ meal ticket, 50, 07,,, Gift Certificates & Vouchers
育毛剤, Hair growth agent, 5, 07,,, Beauty & Personal Care
ラジコンカ, Radio-controlled car, 5, 07,,, Entertainment Media
東京全日空ホテル食事券, Tokyo ANA Hotel meal ticket, 50, 07,,, Gift Certificates & Vouchers
キャップ, Cap, 2, 07,,, Fashion & Accessories
ゲームソフト 「クレイマン・クレイマン」, Game software _Clayman Clayman_, 1, 07,,, Entertainment Media
日産 ラシーン・フォルザ」, Nissan _Racine Forza_, 35, 07,,, Automotive & Vehicles
DVDプレーヤー, DVD player, 35, 07,,, Electronics & Technology
オクマビーチランド宿泊券, Okuma Beach Land accommodation voucher, 25, 07,,, Gift Certificates & Vouchers
東京沖縄間往復航空券, Round-trip air ticket between Tokyo and Okinawa, 25, 07,,, Travel & Tourism
キーホルダー-, Keychain-, 1, 07,,, Collectibles & Memorabilia
ローラーブレード, Roller blades, 1, 07,,, Sports & Outdoor Equipment
海苔詰め合わせ, Assorted seaweed, 50, 07,,, Japanese Specialty Foods
パリ旅行, Trip to Paris, 25, 07,,, Travel & Tourism
電動自転車, Electric bicycle, 70, 07,,, Sports & Outdoor Equipment
マウンテンバイク, Mountain bike, 50, 07,,, Sports & Outdoor Equipment
SMAP中居君使用済ウクレレ, SMAP Nakais used ukulele, 1, 07,,, Collectibles & Memorabilia
本「人間のあり方」 船井幸雄, Book: The Way of Humanity_ by Funai Yukio, 1, 07,,, Books & Educational
松田純テレカ, Matsuda Jun telephone card, 1, 07,,, Collectibles & Memorabilia
天体望遠鏡, Telescope, 50, 07,,, Electronics & Technology
リラクゼーションマシーン, Relaxation machine, 50, 07,,, Health & Wellness
現金100万円, 1 million yen in cash, 1, 07,,, Cash Prizes
シャンパングラス, Champagne glasses, 5, 07,,, Kitchen & Cooking Supplies
扇風機, Electric fan, 5, 07,,, Home Appliances
UNO, UNO, 5, 07,,, Entertainment Media
CD-ROM版アイドル写真集, CD-ROM version of idol photo book, 5, 07,,, Entertainment Media
ホテル宿泊券, Hotel accommodation voucher, 100, 07,,, Gift Certificates & Vouchers
米「きらら397」(10kg), US _Kirara 397_ (10kg), 50, 07,,, Fresh Food & Produce
浮き輪, Flooring ring, 8, 07, 08, 1200, Sports & Outdoor Equipment
広末涼子ポスター OR サイン色紙, Hirosue Ryoko poster OR Signed colored paper, 1, 07,,, Collectibles & Memorabilia
フィギュア「スパイス・ガールズ」, Figure _Spice Girls_, 5, 07,,, Collectibles & Memorabilia
リップクリーム, Lip balm, 5, 07,,, Beauty & Personal Care
扇子, Folding fan, 1, 07,,, Fashion & Accessories
パソコン, Computer, 34, 07,,, Electronics & Technology
タオル, Towel, 5, 07,,, Home Appliances
美容液, Beauty serum, 5, 07,,, Beauty & Personal Care
香辛料, Spices, 5, 07,,, Food & Beverages (Packaged)
現金1万円ORテレカ, 10_000 yen cash or telephone card, 1, 07,,, Cash Prizes
アイスクリーム, Ice cream, 151, 07,,, Food & Beverages (Packaged)
カレー, Curry, 25, 07,,, Food & Beverages (Packaged)
脱毛器, Hair removal machine, 5, 07,,, Beauty & Personal Care
ジャム, Jam, 10, 07,,, Food & Beverages (Packaged)
せんべい, Rice crackers, 5, 07,,, Japanese Specialty Foods
キムチスープ&野菜スープ, Kimchi soup & vegetable soup, 5, 07,,, Food & Beverages (Packaged)
バター-, Butter, 5, 07,,, Food & Beverages (Packaged)
クッキー, Cookies, 5, 07,,, Food & Beverages (Packaged)
ラーメン, Ramen, 55, 07,,, Japanese Specialty Foods
ヨーグルト, Yogurt, 5, 07,,, Food & Beverages (Packaged)
冷凍レンジ食品, Frozen microwave foods, 5, 07,,, Food & Beverages (Packaged)
エステ招待券, Spa treatment invitation voucher, 5, 07,,, Gift Certificates & Vouchers
歯磨きセット, Toothbrush set, 5, 07, 08, 1490, Beauty & Personal Care
米「ひとめぼれ」(10kg), Rice _Hitomebore_ (10kg), 50, 07,,, Fresh Food & Produce
うどん, Udon, 5, 07,,, Japanese Specialty Foods
プレイステーションORテレビー, PlayStation or TV, 1, 07,,, Electronics & Technology
あんみつ, Anmitsu, 51, 07,,, Japanese Specialty Foods
ゲームソフト「ポケットファイター」(PS用), Game software _Pocket Fighter_ (PS version), 1, 07,,, Entertainment Media
リュックサック, Backpack, 1, 07,,, Fashion & Accessories
レストラン食事券, Restaurant meal voucher, 10, 07,,, Gift Certificates & Vouchers
ホテル宿泊券, Hotel accommodation voucher, 5, 07,,, Gift Certificates & Vouchers
携帯ゲーム「ペプシマン・パワージム」 他, Mobile game _Pepsiman Power Gym_ and others, 10, 07,,, Entertainment Media
電気シェーバー, Electric shaver, 152, 07,,, Beauty & Personal Care
プラチナジュエリーオーダー券(10万円相当), Platinum jewelry order voucher (worth 100_000 yen), 50, 07,,, Gift Certificates & Vouchers
米「あきたこまち」(10kg), Rice _Akitakomachi_ (10kg), 50, 07,,, Fresh Food & Produce
化粧品セット, Cosmetics set, 2, 07,,, Beauty & Personal Care
ジュース, Juice, 10, 07,,, Food & Beverages (Packaged)
ゴルフシューズ, Golf shoes, 5, 07,,, Sports & Outdoor Equipment
米「はえぬき」(10kg), Rice _Haenuki_ (10kg), 100, 07,,, Fresh Food & Produce
手打そばセット, Hand-made soba set, 5, 07,,, Japanese Specialty Foods
アジ・サンマ・カレイ・ホッケ, Horse mackerel_ saury_ flounder_ Atka mackerel, 35, 07,,, Fresh Food & Produce
ライター, Lighter, 5, 07,,, Collectibles & Memorabilia
米 「宮崎コシヒカリ」(3kg), Rice _Miyazaki Koshihikari_ (3kg), 50, 07,,, Fresh Food & Produce
ポテトスナック, Potato snacks, 100, 07,,, Food & Beverages (Packaged)
JUDY&MARY のボラ, JUDY&MARY mullet, 1, 07,,, Collectibles & Memorabilia
米「福島コシヒカリ」(10kg), Fukushima Koshihikari rice (10kg), 50, 07,,, Fresh Food & Produce
アントニオ猪木写真集, Antonio Inoki photo book, 1, 07,,, Books & Educational
鍋, Hot pot, 105, 07,,, Kitchen & Cooking Supplies
携帯電話, Cell phone, 5, 07,,, Electronics & Technology
空気清淨機, Air purifier, 15, 07,,, Home Appliances
野菜栽培セット, Vegetable cultivation set, 5, 07,,, Home Appliances
浮き輪, Flooring ring, 6, 07,,, Sports & Outdoor Equipment
広末涼子クリアファイル, Hirosue Ryoko clear file, 7, 07,,, Collectibles & Memorabilia
広末涼子テレカ, Hirosue Ryoko telephone card, 12, 07,,, Collectibles & Memorabilia
広末涼子自筆署中見舞, Hirosue Ryokos handwritten condolence message, 2, 07,,, Collectibles & Memorabilia
クッキー, Cookies, 50, 08,,, Food & Beverages (Packaged)
とうもろこし, Corn, 50, 08,,, Fresh Food & Produce
パスタセット, Pasta set, 50, 08,,, Food & Beverages (Packaged)
ゼリー, Jelly, 225, 08,,, Food & Beverages (Packaged)
アルコール飲料, Alcoholic drinks, 70, 08,,, Alcoholic Beverages
ホテル宿泊券, Hotel accommodation voucher, 230, 08, 09, 0, Gift Certificates & Vouchers
サングラス, Sunglasses, 105, 08,,, Fashion & Accessories
山口紗弥加テレカ, Yamaguchi Sayaka telephone card, 1, 08,,, Collectibles & Memorabilia
レストラン食事券, Restaurant meal voucher, 5, 08,,, Gift Certificates & Vouchers
マツダ「ファミリア」, Mazda _Familia_, 50, 08,,, Automotive & Vehicles
冷凍レンジ食品, Frozen microwave food, 5, 08,,, Food & Beverages (Packaged)
電気クーラーバック, Electric cooler bag, 1, 08,,, Electronics & Technology
青木裕子テレカ, Aoki Yuko telephone card, 1, 08,,, Collectibles & Memorabilia
プレイステーション&ゲームソフト, PlayStation & game software, 172, 08,,, Electronics & Technology
フィギュア「初代ゴジラ」, Figure _Original Godzilla_, 10, 08,,, Collectibles & Memorabilia
アクセサリー, Accessories, 76, 08,,, Fashion & Accessories
ライター, Lighter, 111, 08, 08, 28000, Collectibles & Memorabilia
ベルト, Belt, 10, 08,,, Fashion & Accessories
フィットネスジムギフト券, Fitness gym gift certificate, 10, 08,,, Gift Certificates & Vouchers
べに花油&オリーブ油, Safflower oil & olive oil, 10, 08,,, Food & Beverages (Packaged)
赤ワインタブレット, Red wine tablet, 10, 08,,, Health & Wellness
缶コーヒー, Canned coffee, 10, 08,,, Food & Beverages (Packaged)
布団, Futon, 101, 08,,, Home Appliances
フィギュア「スポーン」, Figure _Spawn_, 1, 08,,, Collectibles & Memorabilia
音楽ギフトカード, Music gift card, 1, 08,,, Gift Certificates & Vouchers
育毛剤, Hair growth agent, 5, 08,,, Beauty & Personal Care
タトゥーシール, Tattoo sticker, 1, 08,,, Beauty & Personal Care
鍋, Pot, 210, 08, 12, 5000, Kitchen & Cooking Supplies
ダイハツ「ストーリア」, Daihatsu _Storia_, 25, 08,,, Automotive & Vehicles
電動自転車, Electric bicycle, 25, 08,,, Sports & Outdoor Equipment
ワイドテレビ, Wide-screen TV, 25, 08,,, Electronics & Technology
ダイエットグッズ, Diet goods, 5, 08,,, Health & Wellness
ポラロイドカメラ, Polaroid camera, 5, 08,,, Electronics & Technology
ハーレーダビットソン「FLSTS」, Harley Davidson _FLSTS_, 30, 08,,, Automotive & Vehicles
ビデオデッキ, Video deck, 30, 08,,, Electronics & Technology
スズキ「ワゴンR」, Suzuki _Wagon R_, 30, 08,,, Automotive & Vehicles
現金30万円, 300_000 yen in cash, 60, 08,,, Cash Prizes
ローバー「ミニ・メイファ｣, Rover _Mini Mayfa_, 30, 08,,, Automotive & Vehicles
香水, Perfume, 46, 08,,, Beauty & Personal Care
コラーゲン入りジュース, Juice with collagen, 5, 08,,, Health & Wellness
タオル, Towel, 5, 08,,, Home Appliances
洗口液-, Mouthwash -, 5, 08,,, Beauty & Personal Care
ゴーグル型テレビ, Goggle-type TV, 1, 08,,, Electronics & Technology
